Term,Total,slope,pvalue,weeks_present,first_seen,last_seen,score_up,score_down
design,172,9.761904761904763,0.0327616869138557,7,2025-10-13,2025-12-01,0.7421838755251888,-0.7421838755251888
home,181,8.702380952380953,0.08721118743971136,8,2025-10-13,2025-12-01,0.6450633934276964,-0.6450633934276964
decor,136,6.238095238095238,0.06150997674072758,6,2025-10-20,2025-12-01,0.5329564436233127,-0.5329564436233127
trends,224,6.142857142857143,0.01886412390422723,8,2025-10-13,2025-12-01,0.40952380952380957,-0.40952380952380957
ideas,60,4.666666666666667,0.09311067174787806,3,2025-11-03,2025-12-01,0.597505439686848,-0.597505439686848
design trends,83,3.392857142857143,0.004464230853089552,7,2025-10-13,2025-12-01,0.3701910637932014,-0.3701910637932014
class,40,3.3333333333333335,0.13397459621556113,1,2025-12-01,2025-12-01,0.5205792062953536,-0.5205792062953536
christmas,49,3.130952380952381,0.019845456550214892,3,2025-11-10,2025-12-01,0.442783532028719,-0.442783532028719
home decor,49,3.0357142857142856,0.09973530877188339,4,2025-11-03,2025-12-01,0.4293148314346895,-0.4293148314346895
small,45,2.988095238095238,0.05379438041000292,5,2025-10-27,2025-12-01,0.440570607081895,-0.440570607081895
interior,77,2.7023809523809526,0.0004112684731481925,7,2025-10-20,2025-12-01,0.30598438898907526,-0.30598438898907526
diy,32,2.6666666666666665,0.13397459621556138,1,2025-12-01,2025-12-01,0.46420708254852755,-0.46420708254852755
rws,30,2.5,0.13397459621556138,1,2025-12-01,2025-12-01,0.4490132550669373,-0.4490132550669373
post,30,2.5,0.13397459621556138,1,2025-12-01,2025-12-01,0.4490132550669373,-0.4490132550669373
class rws,30,2.5,0.13397459621556138,1,2025-12-01,2025-12-01,0.4490132550669373,-0.4490132550669373
homes,44,2.380952380952381,0.08190778028952309,4,2025-11-03,2025-12-01,0.3549314249999666,-0.3549314249999666
apartment,49,2.2738095238095237,0.08375313363451786,7,2025-10-20,2025-12-01,0.32156522668245374,-0.32156522668245374
house,45,2.2261904761904763,0.035729103599977115,5,2025-10-20,2025-12-01,0.3282338785829258,-0.3282338785829258
decor ideas,26,2.119047619047619,0.10324211223190781,2,2025-11-24,2025-12-01,0.40781090442759277,-0.40781090442759277
kitchen,29,2.0357142857142856,0.09278979011688479,4,2025-11-03,2025-12-01,0.37166887830707696,-0.37166887830707696
modern,32,1.9523809523809523,0.12574963888797536,5,2025-10-13,2025-12-01,0.3398658997230291,-0.3398658997230291
interior design,42,1.880952380952381,0.008072279655330923,6,2025-10-27,2025-12-01,0.2868425489589469,-0.2868425489589469
gardens,32,1.7619047619047619,0.2296771819219385,3,2025-11-10,2025-12-01,0.30670825096956283,-0.30670825096956283
homes gardens,32,1.7619047619047619,0.2296771819219385,3,2025-11-10,2025-12-01,0.30670825096956283,-0.30670825096956283
shorts,21,1.75,0.13397459621556138,1,2025-12-01,2025-12-01,0.3731012536223182,-0.3731012536223182
home design,36,1.7142857142857142,0.07674908332775894,7,2025-10-13,2025-12-01,0.2818268353806125,-0.2818268353806125
thumbnail,20,1.6666666666666667,0.13397459621556113,1,2025-12-01,2025-12-01,0.363696483726654,-0.363696483726654
post thumbnail,20,1.6666666666666667,0.13397459621556113,1,2025-12-01,2025-12-01,0.363696483726654,-0.363696483726654
div,20,1.6666666666666667,0.13397459621556113,1,2025-12-01,2025-12-01,0.363696483726654,-0.363696483726654
living,43,1.4404761904761905,0.010397841166982684,6,2025-10-27,2025-12-01,0.21715995651136547,-0.21715995651136547
space,23,1.4404761904761905,0.06587108130518181,3,2025-11-03,2025-12-01,0.29403597110790136,-0.29403597110790136
style,24,1.4285714285714286,0.07814074941121574,5,2025-10-27,2025-12-01,0.2857142857142857,-0.2857142857142857
luxury,18,1.4047619047619047,0.10501851478641253,2,2025-11-17,2025-12-01,0.32227448329436054,-0.32227448329436054
target,16,1.3333333333333333,0.13397459621556138,1,2025-12-01,2025-12-01,0.32338083338177726,-0.32338083338177726
new,16,1.2857142857142858,0.08555889101267318,2,2025-11-24,2025-12-01,0.3118315179038567,-0.3118315179038567
tiny,15,1.2023809523809523,0.08265824985566649,2,2025-11-24,2025-12-01,0.3005952380952381,-0.3005952380952381
rel noopener target,14,1.1666666666666667,0.13397459621556138,1,2025-12-01,2025-12-01,0.30123203803835463,-0.30123203803835463
digest,22,1.1666666666666667,0.015179004827103935,4,2025-11-03,2025-12-01,0.2432668163999206,-0.2432668163999206
noopener,14,1.1666666666666667,0.13397459621556138,1,2025-12-01,2025-12-01,0.30123203803835463,-0.30123203803835463
rel,14,1.1666666666666667,0.13397459621556138,1,2025-12-01,2025-12-01,0.30123203803835463,-0.30123203803835463
rel noopener,14,1.1666666666666667,0.13397459621556138,1,2025-12-01,2025-12-01,0.30123203803835463,-0.30123203803835463
noopener target,14,1.1666666666666667,0.13397459621556138,1,2025-12-01,2025-12-01,0.30123203803835463,-0.30123203803835463
home design trends,27,1.1547619047619047,0.13089680380678761,6,2025-10-13,2025-12-01,0.21822948739223236,-0.21822948739223236
house digest,16,1.1428571428571428,0.03001974528754441,2,2025-11-24,2025-12-01,0.2771835714700948,-0.2771835714700948
room,25,1.130952380952381,0.0010224152914155371,6,2025-10-27,2025-12-01,0.22179800997770815,-0.22179800997770815
small apartment,15,1.1071428571428572,0.04648047446995523,3,2025-11-17,2025-12-01,0.2767857142857143,-0.2767857142857143
spaces,17,1.0833333333333333,0.060542415289272726,3,2025-10-27,2025-12-01,0.2553441154284755,-0.2553441154284755
transform,13,1.0833333333333333,0.13397459621556138,1,2025-12-01,2025-12-01,0.28953301207179305,-0.28953301207179305
interiordesign,12,1.0,0.13397459621556138,1,2025-12-01,2025-12-01,0.2773500981126146,-0.2773500981126146
city,12,1.0,0.13397459621556138,1,2025-12-01,2025-12-01,0.2773500981126146,-0.2773500981126146
designers,102,0.9761904761904762,0.5716897965884078,7,2025-10-20,2025-12-01,0.09618690572556195,-0.09618690572556195
beautiful,26,0.9761904761904762,0.11650849377954127,5,2025-10-20,2025-12-01,0.18786794473630677,-0.18786794473630677
design ideas,12,0.9523809523809523,0.07163076208231234,2,2025-11-24,2025-12-01,0.26414295058344245,-0.26414295058344245
holiday,20,0.9523809523809523,0.03670219457045972,4,2025-11-03,2025-12-01,0.20782656212951656,-0.20782656212951656
trend,38,0.9285714285714286,0.14025892481289964,6,2025-10-20,2025-12-01,0.1486904285332952,-0.1486904285332952
home decor ideas,11,0.9166666666666666,0.13397459621556138,1,2025-12-01,2025-12-01,0.2646188733785785,-0.2646188733785785
height,11,0.9166666666666666,0.13397459621556138,1,2025-12-01,2025-12-01,0.2646188733785785,-0.2646188733785785
wall,11,0.8690476190476191,0.06695063850082994,2,2025-11-24,2025-12-01,0.2508724383978731,-0.2508724383978731
trending,11,0.8690476190476191,0.06695063850082994,2,2025-11-24,2025-12-01,0.2508724383978731,-0.2508724383978731
decorating,20,0.8571428571428571,0.0725759194911011,4,2025-11-03,2025-12-01,0.1870439059165649,-0.1870439059165649
alt,10,0.8333333333333334,0.13397459621556113,1,2025-12-01,2025-12-01,0.251259453814803,-0.251259453814803
excerpt,10,0.8333333333333334,0.13397459621556113,1,2025-12-01,2025-12-01,0.251259453814803,-0.251259453814803
align center,10,0.8333333333333334,0.13397459621556113,1,2025-12-01,2025-12-01,0.251259453814803,-0.251259453814803
attachment post thumbnail,10,0.8333333333333334,0.13397459621556113,1,2025-12-01,2025-12-01,0.251259453814803,-0.251259453814803
architecture,10,0.8333333333333334,0.13397459621556113,1,2025-12-01,2025-12-01,0.251259453814803,-0.251259453814803
attachment,10,0.8333333333333334,0.13397459621556113,1,2025-12-01,2025-12-01,0.251259453814803,-0.251259453814803
attachment post,10,0.8333333333333334,0.13397459621556113,1,2025-12-01,2025-12-01,0.251259453814803,-0.251259453814803
center,10,0.8333333333333334,0.13397459621556113,1,2025-12-01,2025-12-01,0.251259453814803,-0.251259453814803
thumbnail size,10,0.8333333333333334,0.13397459621556113,1,2025-12-01,2025-12-01,0.251259453814803,-0.251259453814803
thumbnail post,10,0.8333333333333334,0.13397459621556113,1,2025-12-01,2025-12-01,0.251259453814803,-0.251259453814803
thumbnail post image,10,0.8333333333333334,0.13397459621556113,1,2025-12-01,2025-12-01,0.251259453814803,-0.251259453814803
thumbnail size post,10,0.8333333333333334,0.13397459621556113,1,2025-12-01,2025-12-01,0.251259453814803,-0.251259453814803
title,10,0.8333333333333334,0.13397459621556113,1,2025-12-01,2025-12-01,0.251259453814803,-0.251259453814803
title style,10,0.8333333333333334,0.13397459621556113,1,2025-12-01,2025-12-01,0.251259453814803,-0.251259453814803
title style text,10,0.8333333333333334,0.13397459621556113,1,2025-12-01,2025-12-01,0.251259453814803,-0.251259453814803
align,10,0.8333333333333334,0.13397459621556113,1,2025-12-01,2025-12-01,0.251259453814803,-0.251259453814803
alt class,10,0.8333333333333334,0.13397459621556113,1,2025-12-01,2025-12-01,0.251259453814803,-0.251259453814803
width class rws,10,0.8333333333333334,0.13397459621556113,1,2025-12-01,2025-12-01,0.251259453814803,-0.251259453814803
height src,10,0.8333333333333334,0.13397459621556113,1,2025-12-01,2025-12-01,0.251259453814803,-0.251259453814803
width,10,0.8333333333333334,0.13397459621556113,1,2025-12-01,2025-12-01,0.251259453814803,-0.251259453814803
alt class attachment,10,0.8333333333333334,0.13397459621556113,1,2025-12-01,2025-12-01,0.251259453814803,-0.251259453814803
post thumbnail size,10,0.8333333333333334,0.13397459621556113,1,2025-12-01,2025-12-01,0.251259453814803,-0.251259453814803
post image,10,0.8333333333333334,0.13397459621556113,1,2025-12-01,2025-12-01,0.251259453814803,-0.251259453814803
rws img alt,10,0.8333333333333334,0.13397459621556113,1,2025-12-01,2025-12-01,0.251259453814803,-0.251259453814803
size,10,0.8333333333333334,0.13397459621556113,1,2025-12-01,2025-12-01,0.251259453814803,-0.251259453814803
craft,10,0.8333333333333334,0.13397459621556113,1,2025-12-01,2025-12-01,0.251259453814803,-0.251259453814803
rws title style,10,0.8333333333333334,0.13397459621556113,1,2025-12-01,2025-12-01,0.251259453814803,-0.251259453814803
rws img,10,0.8333333333333334,0.13397459621556113,1,2025-12-01,2025-12-01,0.251259453814803,-0.251259453814803
rws excerpt,10,0.8333333333333334,0.13397459621556113,1,2025-12-01,2025-12-01,0.251259453814803,-0.251259453814803
post thumbnail post,10,0.8333333333333334,0.13397459621556113,1,2025-12-01,2025-12-01,0.251259453814803,-0.251259453814803
post image height,10,0.8333333333333334,0.13397459621556113,1,2025-12-01,2025-12-01,0.251259453814803,-0.251259453814803
class attachment post,10,0.8333333333333334,0.13397459621556113,1,2025-12-01,2025-12-01,0.251259453814803,-0.251259453814803
text,10,0.8333333333333334,0.13397459621556113,1,2025-12-01,2025-12-01,0.251259453814803,-0.251259453814803
text align center,10,0.8333333333333334,0.13397459621556113,1,2025-12-01,2025-12-01,0.251259453814803,-0.251259453814803
text align,10,0.8333333333333334,0.13397459621556113,1,2025-12-01,2025-12-01,0.251259453814803,-0.251259453814803
src width,10,0.8333333333333334,0.13397459621556113,1,2025-12-01,2025-12-01,0.251259453814803,-0.251259453814803
src width class,10,0.8333333333333334,0.13397459621556113,1,2025-12-01,2025-12-01,0.251259453814803,-0.251259453814803
style text,10,0.8333333333333334,0.13397459621556113,1,2025-12-01,2025-12-01,0.251259453814803,-0.251259453814803
style text align,10,0.8333333333333334,0.13397459621556113,1,2025-12-01,2025-12-01,0.251259453814803,-0.251259453814803
class attachment,10,0.8333333333333334,0.13397459621556113,1,2025-12-01,2025-12-01,0.251259453814803,-0.251259453814803
src,10,0.8333333333333334,0.13397459621556113,1,2025-12-01,2025-12-01,0.251259453814803,-0.251259453814803
class rws img,10,0.8333333333333334,0.13397459621556113,1,2025-12-01,2025-12-01,0.251259453814803,-0.251259453814803
class rws title,10,0.8333333333333334,0.13397459621556113,1,2025-12-01,2025-12-01,0.251259453814803,-0.251259453814803
class rws excerpt,10,0.8333333333333334,0.13397459621556113,1,2025-12-01,2025-12-01,0.251259453814803,-0.251259453814803
rws title,10,0.8333333333333334,0.13397459621556113,1,2025-12-01,2025-12-01,0.251259453814803,-0.251259453814803
size post,10,0.8333333333333334,0.13397459621556113,1,2025-12-01,2025-12-01,0.251259453814803,-0.251259453814803
size post thumbnail,10,0.8333333333333334,0.13397459621556113,1,2025-12-01,2025-12-01,0.251259453814803,-0.251259453814803
img alt class,10,0.8333333333333334,0.13397459621556113,1,2025-12-01,2025-12-01,0.251259453814803,-0.251259453814803
img,10,0.8333333333333334,0.13397459621556113,1,2025-12-01,2025-12-01,0.251259453814803,-0.251259453814803
image height src,10,0.8333333333333334,0.13397459621556113,1,2025-12-01,2025-12-01,0.251259453814803,-0.251259453814803
image height,10,0.8333333333333334,0.13397459621556113,1,2025-12-01,2025-12-01,0.251259453814803,-0.251259453814803
div class rws,10,0.8333333333333334,0.13397459621556113,1,2025-12-01,2025-12-01,0.251259453814803,-0.251259453814803
img alt,10,0.8333333333333334,0.13397459621556113,1,2025-12-01,2025-12-01,0.251259453814803,-0.251259453814803
width class,10,0.8333333333333334,0.13397459621556113,1,2025-12-01,2025-12-01,0.251259453814803,-0.251259453814803
image,10,0.8333333333333334,0.13397459621556113,1,2025-12-01,2025-12-01,0.251259453814803,-0.251259453814803
div class,10,0.8333333333333334,0.13397459621556113,1,2025-12-01,2025-12-01,0.251259453814803,-0.251259453814803
height src width,10,0.8333333333333334,0.13397459621556113,1,2025-12-01,2025-12-01,0.251259453814803,-0.251259453814803
bedroom,11,0.7738095238095238,0.0356611688177864,2,2025-11-24,2025-12-01,0.22337956843646237,-0.22337956843646237
living room,20,0.7619047619047619,0.0022162955140414505,6,2025-10-27,2025-12-01,0.16626124970361325,-0.16626124970361325
homedecor,9,0.75,0.13397459621556138,1,2025-12-01,2025-12-01,0.23717082451262844,-0.23717082451262844
easy,9,0.75,0.13397459621556138,1,2025-12-01,2025-12-01,0.23717082451262844,-0.23717082451262844
good,23,0.7261904761904762,0.20186995768454716,5,2025-10-27,2025-12-01,0.14823301022795027,-0.14823301022795027
studio,13,0.7023809523809523,0.043630353313245315,4,2025-11-03,2025-12-01,0.18771920562896474,-0.18771920562896474
interior design trends,26,0.6904761904761905,0.08147645225779405,6,2025-10-27,2025-12-01,0.13288220481348528,-0.13288220481348528
kitchen design,10,0.6904761904761905,0.11533570810035737,2,2025-11-10,2025-12-01,0.2081864045894082,-0.2081864045894082
youtubeshorts,8,0.6666666666666666,0.13397459621556138,1,2025-12-01,2025-12-01,0.2222222222222222,-0.2222222222222222
video,8,0.6666666666666666,0.13397459621556138,1,2025-12-01,2025-12-01,0.2222222222222222,-0.2222222222222222
contemporary,8,0.6666666666666666,0.13397459621556138,1,2025-12-01,2025-12-01,0.2222222222222222,-0.2222222222222222
furniture,12,0.6666666666666666,0.12530786877381195,3,2025-11-10,2025-12-01,0.1849000654084097,-0.1849000654084097
like,8,0.6666666666666666,0.13397459621556138,1,2025-12-01,2025-12-01,0.2222222222222222,-0.2222222222222222
project,8,0.6666666666666666,0.13397459621556138,1,2025-12-01,2025-12-01,0.2222222222222222,-0.2222222222222222
year,17,0.6547619047619048,0.1105596389506531,4,2025-11-03,2025-12-01,0.15432886097325443,-0.15432886097325443
minimalist,10,0.6428571428571429,0.14954615820326037,2,2025-11-03,2025-12-01,0.19382872151427663,-0.19382872151427663
tree,10,0.6428571428571429,0.14954615820326037,2,2025-11-24,2025-12-01,0.19382872151427663,-0.19382872151427663
christmas tree,10,0.6428571428571429,0.14954615820326037,2,2025-11-24,2025-12-01,0.19382872151427663,-0.19382872151427663
trends home,8,0.6190476190476191,0.04884609795646925,2,2025-11-24,2025-12-01,0.20634920634920637,-0.20634920634920637
color,16,0.6190476190476191,0.17079231790737917,4,2025-10-27,2025-12-01,0.15014110121296803,-0.15014110121296803
latest,8,0.6190476190476191,0.04884609795646925,2,2025-11-24,2025-12-01,0.20634920634920637,-0.20634920634920637
aesthetic,9,0.6071428571428571,0.1151380367940227,2,2025-11-10,2025-12-01,0.19199542936736586,-0.19199542936736586
make,22,0.5952380952380952,0.22416304372284465,5,2025-10-27,2025-12-01,0.1241157226530207,-0.1241157226530207
architects,7,0.5833333333333334,0.13397459621556138,1,2025-12-01,2025-12-01,0.20623947784607635,-0.20623947784607635
strong,7,0.5833333333333334,0.13397459621556138,1,2025-12-01,2025-12-01,0.20623947784607635,-0.20623947784607635
transformation,7,0.5833333333333334,0.13397459621556138,1,2025-12-01,2025-12-01,0.20623947784607635,-0.20623947784607635
square,7,0.5833333333333334,0.13397459621556138,1,2025-12-01,2025-12-01,0.20623947784607635,-0.20623947784607635
decoration,7,0.5833333333333334,0.13397459621556138,1,2025-12-01,2025-12-01,0.20623947784607635,-0.20623947784607635
apartment decor,7,0.5833333333333334,0.13397459621556138,1,2025-12-01,2025-12-01,0.20623947784607635,-0.20623947784607635
makeover,7,0.5833333333333334,0.13397459621556138,1,2025-12-01,2025-12-01,0.20623947784607635,-0.20623947784607635
feel,12,0.5714285714285714,0.06563885128258772,4,2025-11-03,2025-12-01,0.15848577035006547,-0.15848577035006547
vintage,8,0.5714285714285714,0.07814074941121574,2,2025-11-17,2025-12-01,0.19047619047619047,-0.19047619047619047
using,8,0.5714285714285714,0.03001974528754441,2,2025-11-24,2025-12-01,0.19047619047619047,-0.19047619047619047
decor christmas,7,0.5595238095238095,0.07941083076579339,2,2025-11-24,2025-12-01,0.19782153997480792,-0.19782153997480792
unexpected,9,0.5595238095238095,0.00994824518780248,3,2025-11-17,2025-12-01,0.17693696431894504,-0.17693696431894504
people,10,0.5476190476190477,0.09250700983287927,3,2025-10-27,2025-12-01,0.16511335536401342,-0.16511335536401342
christmas trends,10,0.5476190476190477,0.14476230930547662,2,2025-11-10,2025-12-01,0.16511335536401342,-0.16511335536401342
budget,7,0.5357142857142857,0.04147952013454412,2,2025-11-24,2025-12-01,0.1894036021035395,-0.1894036021035395
best,7,0.5357142857142857,0.04147952013454412,2,2025-11-24,2025-12-01,0.1894036021035395,-0.1894036021035395
old,16,0.5238095238095238,0.25892259976927706,4,2025-10-20,2025-12-01,0.1270424702571268,-0.1270424702571268
decor design,8,0.5238095238095238,0.11576382999147901,2,2025-11-10,2025-12-01,0.17460317460317462,-0.17460317460317462
decor design trends,8,0.5238095238095238,0.11576382999147901,2,2025-11-10,2025-12-01,0.17460317460317462,-0.17460317460317462
southern,17,0.5119047619047619,0.13293263947718176,5,2025-11-03,2025-12-01,0.12065710948818073,-0.12065710948818073
home decor christmas,6,0.5,0.13397459621556138,1,2025-12-01,2025-12-01,0.1889822365046136,-0.1889822365046136
casa estilo estilodevida,6,0.5,0.13397459621556138,1,2025-12-01,2025-12-01,0.1889822365046136,-0.1889822365046136
tiny apartment,6,0.5,0.13397459621556138,1,2025-12-01,2025-12-01,0.1889822365046136,-0.1889822365046136
contemporary contemporaneo,6,0.5,0.13397459621556138,1,2025-12-01,2025-12-01,0.1889822365046136,-0.1889822365046136
designed,6,0.5,0.13397459621556138,1,2025-12-01,2025-12-01,0.1889822365046136,-0.1889822365046136
como,6,0.5,0.13397459621556138,1,2025-12-01,2025-12-01,0.1889822365046136,-0.1889822365046136
decorar decor,6,0.5,0.13397459621556138,1,2025-12-01,2025-12-01,0.1889822365046136,-0.1889822365046136
christmas casa estilo,6,0.5,0.13397459621556138,1,2025-12-01,2025-12-01,0.1889822365046136,-0.1889822365046136
casa,6,0.5,0.13397459621556138,1,2025-12-01,2025-12-01,0.1889822365046136,-0.1889822365046136
tendencias,6,0.5,0.13397459621556138,1,2025-12-01,2025-12-01,0.1889822365046136,-0.1889822365046136
idea,6,0.5,0.13397459621556138,1,2025-12-01,2025-12-01,0.1889822365046136,-0.1889822365046136
tiny apartment decor,6,0.5,0.13397459621556138,1,2025-12-01,2025-12-01,0.1889822365046136,-0.1889822365046136
casa estilo,6,0.5,0.13397459621556138,1,2025-12-01,2025-12-01,0.1889822365046136,-0.1889822365046136
genius tiny,6,0.5,0.13397459621556138,1,2025-12-01,2025-12-01,0.1889822365046136,-0.1889822365046136
genius,6,0.5,0.13397459621556138,1,2025-12-01,2025-12-01,0.1889822365046136,-0.1889822365046136
tendencias navidad,6,0.5,0.13397459621556138,1,2025-12-01,2025-12-01,0.1889822365046136,-0.1889822365046136
tendencias navidad como,6,0.5,0.13397459621556138,1,2025-12-01,2025-12-01,0.1889822365046136,-0.1889822365046136
estilodevida moderno,6,0.5,0.13397459621556138,1,2025-12-01,2025-12-01,0.1889822365046136,-0.1889822365046136
apartments,6,0.5,0.13397459621556138,1,2025-12-01,2025-12-01,0.1889822365046136,-0.1889822365046136
genius tiny apartment,6,0.5,0.13397459621556138,1,2025-12-01,2025-12-01,0.1889822365046136,-0.1889822365046136
estilodevida,6,0.5,0.13397459621556138,1,2025-12-01,2025-12-01,0.1889822365046136,-0.1889822365046136
estilodevida moderno modern,6,0.5,0.13397459621556138,1,2025-12-01,2025-12-01,0.1889822365046136,-0.1889822365046136
trends home decor,6,0.5,0.13397459621556138,1,2025-12-01,2025-12-01,0.1889822365046136,-0.1889822365046136
trends tendencias,6,0.5,0.13397459621556138,1,2025-12-01,2025-12-01,0.1889822365046136,-0.1889822365046136
trends tendencias navidad,6,0.5,0.13397459621556138,1,2025-12-01,2025-12-01,0.1889822365046136,-0.1889822365046136
modular,6,0.5,0.13397459621556138,1,2025-12-01,2025-12-01,0.1889822365046136,-0.1889822365046136
moderno,6,0.5,0.13397459621556138,1,2025-12-01,2025-12-01,0.1889822365046136,-0.1889822365046136
materials,6,0.5,0.13397459621556138,1,2025-12-01,2025-12-01,0.1889822365046136,-0.1889822365046136
modern contemporary contemporaneo,6,0.5,0.13397459621556138,1,2025-12-01,2025-12-01,0.1889822365046136,-0.1889822365046136
design trends home,6,0.5,0.13397459621556138,1,2025-12-01,2025-12-01,0.1889822365046136,-0.1889822365046136
decorar decor design,6,0.5,0.13397459621556138,1,2025-12-01,2025-12-01,0.1889822365046136,-0.1889822365046136
moderno modern contemporary,6,0.5,0.13397459621556138,1,2025-12-01,2025-12-01,0.1889822365046136,-0.1889822365046136
navidad como decorar,6,0.5,0.13397459621556138,1,2025-12-01,2025-12-01,0.1889822365046136,-0.1889822365046136
navidad como,6,0.5,0.13397459621556138,1,2025-12-01,2025-12-01,0.1889822365046136,-0.1889822365046136
navidad,6,0.5,0.13397459621556138,1,2025-12-01,2025-12-01,0.1889822365046136,-0.1889822365046136
moderno modern,6,0.5,0.13397459621556138,1,2025-12-01,2025-12-01,0.1889822365046136,-0.1889822365046136
decor christmas casa,6,0.5,0.13397459621556138,1,2025-12-01,2025-12-01,0.1889822365046136,-0.1889822365046136
parisian,6,0.5,0.13397459621556138,1,2025-12-01,2025-12-01,0.1889822365046136,-0.1889822365046136
decorar,6,0.5,0.13397459621556138,1,2025-12-01,2025-12-01,0.1889822365046136,-0.1889822365046136
urban,6,0.5,0.13397459621556138,1,2025-12-01,2025-12-01,0.1889822365046136,-0.1889822365046136
mirror,6,0.5,0.13397459621556138,1,2025-12-01,2025-12-01,0.1889822365046136,-0.1889822365046136
modern contemporary,6,0.5,0.13397459621556138,1,2025-12-01,2025-12-01,0.1889822365046136,-0.1889822365046136
estilo estilodevida moderno,6,0.5,0.13397459621556138,1,2025-12-01,2025-12-01,0.1889822365046136,-0.1889822365046136
como decorar,6,0.5,0.13397459621556138,1,2025-12-01,2025-12-01,0.1889822365046136,-0.1889822365046136
como decorar decor,6,0.5,0.13397459621556138,1,2025-12-01,2025-12-01,0.1889822365046136,-0.1889822365046136
contemporaneo estilocontemporaneo,6,0.5,0.13397459621556138,1,2025-12-01,2025-12-01,0.1889822365046136,-0.1889822365046136
contemporaneo,6,0.5,0.13397459621556138,1,2025-12-01,2025-12-01,0.1889822365046136,-0.1889822365046136
estilo,6,0.5,0.13397459621556138,1,2025-12-01,2025-12-01,0.1889822365046136,-0.1889822365046136
interior design ideas,6,0.5,0.13397459621556138,1,2025-12-01,2025-12-01,0.1889822365046136,-0.1889822365046136
estilocontemporaneo,6,0.5,0.13397459621556138,1,2025-12-01,2025-12-01,0.1889822365046136,-0.1889822365046136
christmas trends tendencias,6,0.5,0.13397459621556138,1,2025-12-01,2025-12-01,0.1889822365046136,-0.1889822365046136
estilo estilodevida,6,0.5,0.13397459621556138,1,2025-12-01,2025-12-01,0.1889822365046136,-0.1889822365046136
contemporary contemporaneo estilocontemporaneo,6,0.5,0.13397459621556138,1,2025-12-01,2025-12-01,0.1889822365046136,-0.1889822365046136
christmas casa,6,0.5,0.13397459621556138,1,2025-12-01,2025-12-01,0.1889822365046136,-0.1889822365046136
discover,7,0.4880952380952381,0.0740881092118974,2,2025-11-17,2025-12-01,0.17256772636100265,-0.17256772636100265
according,35,0.4880952380952381,0.46328425442560683,7,2025-10-20,2025-12-01,0.08134920634920635,-0.08134920634920635
trends good housekeeping,8,0.47619047619047616,0.30995873550624103,1,2025-11-24,2025-11-24,0.15873015873015872,-0.15873015873015872
trends good,8,0.47619047619047616,0.30995873550624103,1,2025-11-24,2025-11-24,0.15873015873015872,-0.15873015873015872
inspired,8,0.47619047619047616,0.16193822846628397,2,2025-11-03,2025-12-01,0.15873015873015872,-0.15873015873015872
good housekeeping,20,0.47619047619047616,0.44226763002592284,4,2025-10-27,2025-11-24,0.10391328106475828,-0.10391328106475828
housekeeping,20,0.47619047619047616,0.44226763002592284,4,2025-10-27,2025-11-24,0.10391328106475828,-0.10391328106475828
say,37,0.4642857142857143,0.49061264105979996,6,2025-10-20,2025-12-01,0.07531708838213975,-0.07531708838213975
viral,13,0.4642857142857143,0.2815902611468389,3,2025-10-20,2025-12-01,0.12408557660219705,-0.12408557660219705
upgrade,6,0.4523809523809524,0.03405292304468603,2,2025-11-24,2025-12-01,0.17098392826607897,-0.17098392826607897
tips,6,0.4523809523809524,0.03405292304468603,2,2025-11-24,2025-12-01,0.17098392826607897,-0.17098392826607897
marthastewart,18,0.4523809523809524,0.2154979696704419,5,2025-11-03,2025-12-01,0.10378330817953983,-0.10378330817953983
outdated,12,0.42857142857142855,0.26256482462045555,3,2025-11-10,2025-12-01,0.1188643277625491,-0.1188643277625491
taking,8,0.42857142857142855,0.0560144448658,3,2025-11-03,2025-12-01,0.14285714285714285,-0.14285714285714285
southern living,16,0.42857142857142855,0.21664763590131172,5,2025-11-03,2025-12-01,0.10394383930128555,-0.10394383930128555
homedecorideas,5,0.4166666666666667,0.13397459621556113,1,2025-12-01,2025-12-01,0.17010345435994295,-0.17010345435994295
explore,5,0.4166666666666667,0.13397459621556113,1,2025-12-01,2025-12-01,0.17010345435994295,-0.17010345435994295
designs,5,0.4166666666666667,0.13397459621556113,1,2025-12-01,2025-12-01,0.17010345435994295,-0.17010345435994295
ideas diy,5,0.4166666666666667,0.13397459621556113,1,2025-12-01,2025-12-01,0.17010345435994295,-0.17010345435994295
stylish,5,0.4166666666666667,0.13397459621556113,1,2025-12-01,2025-12-01,0.17010345435994295,-0.17010345435994295
blends,5,0.4166666666666667,0.13397459621556113,1,2025-12-01,2025-12-01,0.17010345435994295,-0.17010345435994295
forgotten,5,0.4166666666666667,0.13397459621556113,1,2025-12-01,2025-12-01,0.17010345435994295,-0.17010345435994295
friendly,5,0.4166666666666667,0.13397459621556113,1,2025-12-01,2025-12-01,0.17010345435994295,-0.17010345435994295
future,5,0.4166666666666667,0.13397459621556113,1,2025-12-01,2025-12-01,0.17010345435994295,-0.17010345435994295
home decor idea,5,0.4166666666666667,0.13397459621556113,1,2025-12-01,2025-12-01,0.17010345435994295,-0.17010345435994295
transform small,5,0.4166666666666667,0.13397459621556113,1,2025-12-01,2025-12-01,0.17010345435994295,-0.17010345435994295
charm,5,0.4166666666666667,0.13397459621556113,1,2025-12-01,2025-12-01,0.17010345435994295,-0.17010345435994295
smart,5,0.4166666666666667,0.13397459621556113,1,2025-12-01,2025-12-01,0.17010345435994295,-0.17010345435994295
shortvideo,5,0.4166666666666667,0.13397459621556113,1,2025-12-01,2025-12-01,0.17010345435994295,-0.17010345435994295
public,5,0.4166666666666667,0.13397459621556113,1,2025-12-01,2025-12-01,0.17010345435994295,-0.17010345435994295
decor idea,5,0.4166666666666667,0.13397459621556113,1,2025-12-01,2025-12-01,0.17010345435994295,-0.17010345435994295
viralvideo,5,0.4166666666666667,0.13397459621556113,1,2025-12-01,2025-12-01,0.17010345435994295,-0.17010345435994295
apartment decor ideas,5,0.4166666666666667,0.13397459621556113,1,2025-12-01,2025-12-01,0.17010345435994295,-0.17010345435994295
better,10,0.40476190476190477,0.24292098896076691,3,2025-11-03,2025-11-24,0.12204030613861862,-0.12204030613861862
green,6,0.40476190476190477,0.07121015977931276,2,2025-11-24,2025-12-01,0.15298562002754434,-0.15298562002754434
right,6,0.40476190476190477,0.07121015977931276,2,2025-11-17,2025-12-01,0.15298562002754434,-0.15298562002754434
designers using,6,0.40476190476190477,0.07121015977931276,2,2025-11-24,2025-12-01,0.15298562002754434,-0.15298562002754434
chic,6,0.40476190476190477,0.07121015977931276,2,2025-11-24,2025-12-01,0.15298562002754434,-0.15298562002754434
paint,6,0.40476190476190477,0.07121015977931276,2,2025-11-24,2025-12-01,0.15298562002754434,-0.15298562002754434
simple,27,0.39285714285714285,0.5201397767628407,5,2025-10-27,2025-12-01,0.07424302148395534,-0.07424302148395534
just,11,0.39285714285714285,0.308276154078085,3,2025-11-03,2025-12-01,0.11340808859081936,-0.11340808859081936
wall decor,5,0.36904761904761907,0.028273132528758085,2,2025-11-24,2025-12-01,0.15066305957594947,-0.15066305957594947
decades,5,0.36904761904761907,0.028273132528758085,2,2025-11-24,2025-12-01,0.15066305957594947,-0.15066305957594947
apartment design,5,0.36904761904761907,0.028273132528758085,2,2025-11-24,2025-12-01,0.15066305957594947,-0.15066305957594947
christmas decor,5,0.36904761904761907,0.028273132528758085,2,2025-11-24,2025-12-01,0.15066305957594947,-0.15066305957594947
interior trends,9,0.36904761904761907,0.20696264946478724,3,2025-11-10,2025-12-01,0.11670310412526162,-0.11670310412526162
bedroom design,6,0.35714285714285715,0.30995873550624103,1,2025-11-24,2025-11-24,0.13498731178900972,-0.13498731178900972
better homes gardens,6,0.35714285714285715,0.30995873550624103,1,2025-11-24,2025-11-24,0.13498731178900972,-0.13498731178900972
better homes,6,0.35714285714285715,0.30995873550624103,1,2025-11-24,2025-11-24,0.13498731178900972,-0.13498731178900972
bedroom design trends,6,0.35714285714285715,0.30995873550624103,1,2025-11-24,2025-11-24,0.13498731178900972,-0.13498731178900972
cozy,7,0.34523809523809523,0.24243562592643728,2,2025-10-27,2025-12-01,0.12206009913339212,-0.12206009913339212
shorts viral,4,0.3333333333333333,0.13397459621556138,1,2025-12-01,2025-12-01,0.14907119849998596,-0.14907119849998596
years,4,0.3333333333333333,0.13397459621556138,1,2025-12-01,2025-12-01,0.14907119849998596,-0.14907119849998596
aesthetics,4,0.3333333333333333,0.13397459621556138,1,2025-12-01,2025-12-01,0.14907119849998596,-0.14907119849998596
welcome,4,0.3333333333333333,0.13397459621556138,1,2025-12-01,2025-12-01,0.14907119849998596,-0.14907119849998596
trends interior,8,0.3333333333333333,0.16705323814408538,3,2025-11-10,2025-11-24,0.1111111111111111,-0.1111111111111111
viral trending,4,0.3333333333333333,0.13397459621556138,1,2025-12-01,2025-12-01,0.14907119849998596,-0.14907119849998596
amazon,4,0.3333333333333333,0.13397459621556138,1,2025-12-01,2025-12-01,0.14907119849998596,-0.14907119849998596
items,4,0.3333333333333333,0.13397459621556138,1,2025-12-01,2025-12-01,0.14907119849998596,-0.14907119849998596
ideas small,4,0.3333333333333333,0.13397459621556138,1,2025-12-01,2025-12-01,0.14907119849998596,-0.14907119849998596
quiet,4,0.3333333333333333,0.13397459621556138,1,2025-12-01,2025-12-01,0.14907119849998596,-0.14907119849998596
ideas home,4,0.3333333333333333,0.13397459621556138,1,2025-12-01,2025-12-01,0.14907119849998596,-0.14907119849998596
tour,4,0.3333333333333333,0.13397459621556138,1,2025-12-01,2025-12-01,0.14907119849998596,-0.14907119849998596
episode,4,0.3333333333333333,0.13397459621556138,1,2025-12-01,2025-12-01,0.14907119849998596,-0.14907119849998596
flower,4,0.3333333333333333,0.13397459621556138,1,2025-12-01,2025-12-01,0.14907119849998596,-0.14907119849998596
building,4,0.3333333333333333,0.13397459621556138,1,2025-12-01,2025-12-01,0.14907119849998596,-0.14907119849998596
structure,4,0.3333333333333333,0.13397459621556138,1,2025-12-01,2025-12-01,0.14907119849998596,-0.14907119849998596
located,4,0.3333333333333333,0.13397459621556138,1,2025-12-01,2025-12-01,0.14907119849998596,-0.14907119849998596
decoration ideas,4,0.3333333333333333,0.13397459621556138,1,2025-12-01,2025-12-01,0.14907119849998596,-0.14907119849998596
paper,4,0.3333333333333333,0.13397459621556138,1,2025-12-01,2025-12-01,0.14907119849998596,-0.14907119849998596
know,4,0.3333333333333333,0.13397459621556138,1,2025-12-01,2025-12-01,0.14907119849998596,-0.14907119849998596
small apartments,4,0.3333333333333333,0.13397459621556138,1,2025-12-01,2025-12-01,0.14907119849998596,-0.14907119849998596
shorts viral trending,4,0.3333333333333333,0.13397459621556138,1,2025-12-01,2025-12-01,0.14907119849998596,-0.14907119849998596
requires,5,0.32142857142857145,0.14954615820326037,2,2025-11-24,2025-12-01,0.131222664791956,-0.131222664791956
decade,5,0.32142857142857145,0.14954615820326037,2,2025-11-24,2025-12-01,0.131222664791956,-0.131222664791956
road,5,0.32142857142857145,0.07319386368357723,2,2025-11-17,2025-12-01,0.131222664791956,-0.131222664791956
trends designers,14,0.30952380952380953,0.5339396618706505,3,2025-11-03,2025-11-24,0.07991870396935939,-0.07991870396935939
decorating trends,10,0.30952380952380953,0.44095841548161663,2,2025-11-10,2025-11-24,0.09332493998835541,-0.09332493998835541
design trend,10,0.30952380952380953,0.3081512423510241,3,2025-10-27,2025-12-01,0.09332493998835541,-0.09332493998835541
look,7,0.2976190476190476,0.2704906188256007,2,2025-11-10,2025-12-01,0.10522422339085528,-0.10522422339085528
timeless,7,0.2976190476190476,0.20692576367007876,3,2025-11-03,2025-12-01,0.10522422339085528,-0.10522422339085528
stunning,4,0.2857142857142857,0.03001974528754441,2,2025-11-24,2025-12-01,0.12777531299998796,-0.12777531299998796
designers say,28,0.2857142857142857,0.6182608928272312,6,2025-10-20,2025-12-01,0.0530558109077291,-0.0530558109077291
perfect,4,0.2857142857142857,0.03001974528754441,2,2025-11-24,2025-12-01,0.12777531299998796,-0.12777531299998796
mcgee,8,0.2857142857142857,0.35591768374958205,2,2025-11-10,2025-11-24,0.09523809523809523,-0.09523809523809523
small apartment design,4,0.2857142857142857,0.03001974528754441,2,2025-11-24,2025-12-01,0.12777531299998796,-0.12777531299998796
architectural,9,0.27380952380952384,0.31508224942547114,3,2025-11-03,2025-12-01,0.08658617402841991,-0.08658617402841991
yahoo,6,0.2619047619047619,0.10121156208579424,3,2025-11-10,2025-12-01,0.09899069531194046,-0.09899069531194046
trends interior designers,6,0.2619047619047619,0.2862224082487127,2,2025-11-10,2025-11-24,0.09899069531194046,-0.09899069531194046
holiday decor,6,0.2619047619047619,0.10121156208579424,3,2025-11-03,2025-12-01,0.09899069531194046,-0.09899069531194046
according designers,22,0.2619047619047619,0.6125387668698732,5,2025-10-27,2025-11-24,0.054610917967329115,-0.054610917967329115
furniture trends,6,0.2619047619047619,0.2862224082487127,2,2025-11-10,2025-11-24,0.09899069531194046,-0.09899069531194046
decorating ideas,3,0.25,0.13397459621556138,1,2025-12-01,2025-12-01,0.125,-0.125
large,3,0.25,0.13397459621556138,1,2025-12-01,2025-12-01,0.125,-0.125
completed,3,0.25,0.13397459621556138,1,2025-12-01,2025-12-01,0.125,-0.125
transform small apartment,3,0.25,0.13397459621556138,1,2025-12-01,2025-12-01,0.125,-0.125
identity,3,0.25,0.13397459621556138,1,2025-12-01,2025-12-01,0.125,-0.125
functional,3,0.25,0.13397459621556138,1,2025-12-01,2025-12-01,0.125,-0.125
sustainable,3,0.25,0.13397459621556138,1,2025-12-01,2025-12-01,0.125,-0.125
unique,3,0.25,0.13397459621556138,1,2025-12-01,2025-12-01,0.125,-0.125
walls,3,0.25,0.13397459621556138,1,2025-12-01,2025-12-01,0.125,-0.125
amazing,3,0.25,0.13397459621556138,1,2025-12-01,2025-12-01,0.125,-0.125
budget friendly,3,0.25,0.13397459621556138,1,2025-12-01,2025-12-01,0.125,-0.125
structures,3,0.25,0.13397459621556138,1,2025-12-01,2025-12-01,0.125,-0.125
central,3,0.25,0.13397459621556138,1,2025-12-01,2025-12-01,0.125,-0.125
home decoration,3,0.25,0.13397459621556138,1,2025-12-01,2025-12-01,0.125,-0.125
premium,3,0.25,0.13397459621556138,1,2025-12-01,2025-12-01,0.125,-0.125
solutions,3,0.25,0.13397459621556138,1,2025-12-01,2025-12-01,0.125,-0.125
site,3,0.25,0.13397459621556138,1,2025-12-01,2025-12-01,0.125,-0.125
residential,3,0.25,0.13397459621556138,1,2025-12-01,2025-12-01,0.125,-0.125
buzzfeed,12,0.23809523809523808,0.4262296492694261,4,2025-10-13,2025-12-01,0.06603573764586061,-0.06603573764586061
decor trends,40,0.23809523809523808,0.7929219056450223,6,2025-10-20,2025-12-01,0.03718422902109668,-0.03718422902109668
designer,5,0.2261904761904762,0.33476677257633874,2,2025-11-17,2025-12-01,0.09234187522396903,-0.09234187522396903
official,5,0.2261904761904762,0.24395471730937487,2,2025-11-03,2025-12-01,0.09234187522396903,-0.09234187522396903
small space,5,0.2261904761904762,0.24395471730937487,2,2025-11-03,2025-12-01,0.09234187522396903,-0.09234187522396903
thecoolist,6,0.21428571428571427,0.39143008235141724,2,2025-11-03,2025-11-24,0.08099238707340582,-0.08099238707340582
color trends,10,0.21428571428571427,0.49152675506563803,3,2025-10-27,2025-11-24,0.0646095738380922,-0.0646095738380922
real,26,0.21428571428571427,0.7472153222532611,4,2025-10-27,2025-11-24,0.041239304942116126,-0.041239304942116126
spruce,26,0.21428571428571427,0.764353979885756,5,2025-10-20,2025-12-01,0.041239304942116126,-0.041239304942116126
say goodbye,7,0.20238095238095238,0.46740560192980085,2,2025-11-03,2025-12-01,0.0715524719057816,-0.0715524719057816
goodbye,7,0.20238095238095238,0.46740560192980085,2,2025-11-03,2025-12-01,0.0715524719057816,-0.0715524719057816
place,4,0.19047619047619047,0.20288444914997822,2,2025-11-10,2025-12-01,0.08518354199999198,-0.08518354199999198
interiors,5,0.17857142857142858,0.23151983207369453,3,2025-11-10,2025-12-01,0.07290148043997555,-0.07290148043997555
favorite,5,0.17857142857142858,0.23151983207369453,3,2025-11-03,2025-12-01,0.07290148043997555,-0.07290148043997555
ideas make,5,0.17857142857142858,0.23151983207369453,3,2025-11-03,2025-12-01,0.07290148043997555,-0.07290148043997555
trends year,6,0.16666666666666666,0.5108204797020675,2,2025-11-10,2025-11-24,0.0629940788348712,-0.0629940788348712
biggest,14,0.16666666666666666,0.62458722449233,4,2025-10-27,2025-11-24,0.043033148291193514,-0.043033148291193514
country,6,0.16666666666666666,0.3336010871481372,3,2025-11-03,2025-12-01,0.0629940788348712,-0.0629940788348712
renovation,7,0.15476190476190477,0.4639276542664039,3,2025-10-20,2025-12-01,0.05471659616324475,-0.05471659616324475
dominate,4,0.14285714285714285,0.35591768374958205,2,2025-11-03,2025-12-01,0.06388765649999398,-0.06388765649999398
huge,8,0.14285714285714285,0.5812719540380182,3,2025-10-27,2025-11-24,0.047619047619047616,-0.047619047619047616
experts,16,0.14285714285714285,0.698566859664124,5,2025-10-27,2025-12-01,0.03464794643376185,-0.03464794643376185
instead,8,0.14285714285714285,0.5812719540380182,3,2025-11-03,2025-11-24,0.047619047619047616,-0.047619047619047616
retro,6,0.11904761904761904,0.49906137962992314,3,2025-10-27,2025-11-24,0.04499577059633657,-0.04499577059633657
elle decor,10,0.11904761904761904,0.7065911711704542,3,2025-10-27,2025-11-24,0.035894207687829,-0.035894207687829
elle,10,0.11904761904761904,0.7065911711704542,3,2025-10-27,2025-11-24,0.035894207687829,-0.035894207687829
holiday decorating,6,0.11904761904761904,0.49906137962992314,3,2025-11-03,2025-11-24,0.04499577059633657,-0.04499577059633657
high,6,0.11904761904761904,0.6418633492047858,2,2025-11-03,2025-12-01,0.04499577059633657,-0.04499577059633657
leave,11,0.10714285714285714,0.6975525676858234,4,2025-10-20,2025-12-01,0.030929478706587094,-0.030929478706587094
trend house,8,0.09523809523809523,0.7662600657593479,2,2025-10-20,2025-12-01,0.031746031746031744,-0.031746031746031744
home trends,28,0.09523809523809523,0.9002159724300086,5,2025-10-20,2025-11-24,0.017685270302576366,-0.017685270302576366
good housekeeping designers,3,0.08333333333333333,0.5108204797020675,2,2025-10-27,2025-11-24,0.041666666666666664,-0.041666666666666664
housekeeping designers,3,0.08333333333333333,0.5108204797020675,2,2025-10-27,2025-11-24,0.041666666666666664,-0.041666666666666664
design trends stay,6,0.07142857142857142,0.7815623408776118,2,2025-11-03,2025-11-24,0.02699746235780194,-0.02699746235780194
sick,6,0.07142857142857142,0.7815623408776118,2,2025-10-13,2025-11-24,0.02699746235780194,-0.02699746235780194
trends stay,6,0.07142857142857142,0.7815623408776118,2,2025-11-03,2025-11-24,0.02699746235780194,-0.02699746235780194
tacky decor trends,6,0.07142857142857142,0.8460525238666443,1,2025-11-10,2025-11-10,0.02699746235780194,-0.02699746235780194
home decor trends,6,0.07142857142857142,0.7815623408776118,2,2025-11-03,2025-11-24,0.02699746235780194,-0.02699746235780194
tacky decor,6,0.07142857142857142,0.8460525238666443,1,2025-11-10,2025-11-10,0.02699746235780194,-0.02699746235780194
tacky,6,0.07142857142857142,0.8460525238666443,1,2025-11-10,2025-11-10,0.02699746235780194,-0.02699746235780194
decor trends designers,6,0.07142857142857142,0.8460525238666443,1,2025-11-10,2025-11-10,0.02699746235780194,-0.02699746235780194
decor home,3,0.05952380952380952,0.6418633492047858,2,2025-11-03,2025-12-01,0.02976190476190476,-0.02976190476190476
winter,7,0.05952380952380952,0.8137094853687972,3,2025-10-27,2025-12-01,0.021044844678171054,-0.021044844678171054
living home,3,0.05952380952380952,0.6418633492047858,2,2025-11-03,2025-12-01,0.02976190476190476,-0.02976190476190476
southern living home,3,0.05952380952380952,0.6418633492047858,2,2025-11-03,2025-12-01,0.02976190476190476,-0.02976190476190476
ones,5,0.03571428571428571,0.8837927103963394,2,2025-11-03,2025-12-01,0.014580296087995109,-0.014580296087995109
released,5,0.03571428571428571,0.8837927103963394,2,2025-11-03,2025-12-01,0.014580296087995109,-0.014580296087995109
set,5,0.03571428571428571,0.8837927103963394,2,2025-11-03,2025-12-01,0.014580296087995109,-0.014580296087995109
market,5,0.03571428571428571,0.8837927103963394,2,2025-11-03,2025-12-01,0.014580296087995109,-0.014580296087995109
designers marthastewart,6,0.023809523809523808,0.9265881769628119,2,2025-11-03,2025-11-17,0.008999154119267314,-0.008999154119267314
decor trend,6,0.023809523809523808,0.8945790910017699,3,2025-10-27,2025-11-24,0.008999154119267314,-0.008999154119267314
architectural digest,6,0.023809523809523808,0.9265881769628119,2,2025-11-03,2025-11-17,0.008999154119267314,-0.008999154119267314
glass,7,0.011904761904761904,0.9667101495144208,2,2025-10-20,2025-12-01,0.004208968935634211,-0.004208968935634211
stay,8,0.0,1.0,3,2025-10-27,2025-11-24,0.0,-0.0
trends going,6,-0.023809523809523808,0.8945790910017699,3,2025-10-20,2025-11-24,-0.008999154119267314,0.008999154119267314
marthastewart home,4,-0.023809523809523808,0.8979131383685768,2,2025-11-03,2025-11-10,-0.010647942749998997,0.010647942749998997
want,6,-0.023809523809523808,0.9265881769628119,2,2025-11-03,2025-11-10,-0.008999154119267314,0.008999154119267314
trends homes,6,-0.023809523809523808,0.9265881769628119,2,2025-11-03,2025-11-10,-0.008999154119267314,0.008999154119267314
according designers spruce,6,-0.023809523809523808,0.9265881769628119,2,2025-11-03,2025-11-10,-0.008999154119267314,0.008999154119267314
real simple,22,-0.023809523809523808,0.970399247167161,4,2025-10-27,2025-11-24,-0.004964628906120828,0.004964628906120828
designers spruce,6,-0.023809523809523808,0.9265881769628119,2,2025-11-03,2025-11-10,-0.008999154119267314,0.008999154119267314
house beautiful,14,-0.023809523809523808,0.9448609095754239,4,2025-10-20,2025-11-24,-0.0061475926130276455,0.0061475926130276455
forbes,6,-0.023809523809523808,0.9265881769628119,2,2025-11-03,2025-11-10,-0.008999154119267314,0.008999154119267314
going,8,-0.047619047619047616,0.855913629530575,3,2025-10-20,2025-11-24,-0.015873015873015872,0.015873015873015872
modern home,6,-0.07142857142857142,0.6890522264439654,3,2025-10-13,2025-12-01,-0.02699746235780194,0.02699746235780194
trends secretly,6,-0.11904761904761904,0.6418633492047858,2,2025-10-27,2025-11-03,-0.04499577059633657,0.04499577059633657
comeback,6,-0.11904761904761904,0.6418633492047858,2,2025-10-27,2025-11-03,-0.04499577059633657,0.04499577059633657
interior designers,18,-0.11904761904761904,0.7599093812552125,5,2025-10-20,2025-11-24,-0.027311396889352586,0.027311396889352586
apartment therapy,16,-0.14285714285714285,0.6540046202515183,5,2025-10-20,2025-11-24,-0.03464794643376185,0.03464794643376185
predict,8,-0.14285714285714285,0.698566859664124,2,2025-10-27,2025-11-17,-0.047619047619047616,0.047619047619047616
therapy,16,-0.14285714285714285,0.6540046202515183,5,2025-10-20,2025-11-24,-0.03464794643376185,0.03464794643376185
century,5,-0.15476190476190477,0.5190083817574702,2,2025-10-20,2025-12-01,-0.0631812830479788,0.0631812830479788
century old,5,-0.15476190476190477,0.5190083817574702,2,2025-10-20,2025-12-01,-0.0631812830479788,0.0631812830479788
trends veranda,6,-0.30952380952380953,0.19712843849343956,2,2025-10-20,2025-10-27,-0.11698900355047509,0.11698900355047509
veranda,10,-0.30952380952380953,0.19712843849343956,4,2025-10-20,2025-11-10,-0.09332493998835541,0.09332493998835541
secretly,10,-0.35714285714285715,0.23151983207369453,3,2025-10-20,2025-11-03,-0.10768262306348701,0.10768262306348701
