source,query,url,created_utc,title,text
youtube,interior design trends,https://www.youtube.com/watch?v=f15RHsCpeGs,1791217060,لوح Rainbow Onyx#InteriorDesign #OnyxStone #DesignTrends,
youtube,interior design trends,https://www.youtube.com/watch?v=ZxqI8QAWuuM,1791214320,Cold Minimalism Is OUT — Warm Luxury Is IN 🤍🇺🇸🤍 #WarmMinimalism #InteriorDesign #ModernHome #Luxury,Cold Minimalism Is OUT — Warm Luxury Is IN #WarmMinimalism #InteriorDesign #ModernHome #Luxury ...
youtube,interior design trends,https://www.youtube.com/watch?v=z3XmKS42Z6c,1791213546,🏡✨2024 Interior Design Trends from Ellis Design Studio! ✨🏡 1,2024 Interior Design Trends from Ellis Design Studio! ✨   1. Bid farewell to gray – it's time to warm things up! 2. Transform gray ...
youtube,interior design trends,https://www.youtube.com/watch?v=3DMG-8pPEEg,1791210693,Why Warm Colors Will Define Interior Design Trends in 2027,What colors will define interior design trends in 2027? Warm colors are becoming the new baseline for interiors as homeowners ...
youtube,interior design trends,https://www.youtube.com/watch?v=u8zIa-lInzk,1791210639,Old Money Meets Modern Architecture 🏛️✨️ 🏛️ Modern Heritage #ModernHeritage #Architecture #Interior,Old Money Meets Modern Architecture 🏛️✨️ 🏛️ Modern Heritage Modern heritage—traditional architectural ...
youtube,interior design trends,https://www.youtube.com/watch?v=zRr_WW5m7e0,1791206578,10x12 room pvc ceiling with wall panel design #pvcceiling #wallpanel #shorts #viral#viralvideo,"""PVC Ceiling Design for Master Bedroom"" ""Popular PVC Ceiling Designs for Master Bedrooms"" ""Elevate your master bedroom ..."
youtube,interior design trends,https://www.youtube.com/watch?v=xpS4ev7GbFY,1791204053,Nethra Happy Customers  #interiordesign,"Store Location: Nethra Ply & Interior Exterior Materials Vanagaram, Chennai, Tamil Nadu Contact & WhatsApp for Orders ..."
youtube,interior design trends,https://www.youtube.com/watch?v=fSWqxbaRUG4,1791203406,Stop Wasting Money on These 20 Outdated Interior Trends | Modern Home Decor Ideas 2026,"In this video we will see interior design mistake so you can avoid these mistakes For business inquiries, contact us at: Email: ..."
youtube,interior design trends,https://www.youtube.com/watch?v=UoGQ37k9uDs,1791203410,This Stone Is Making Modern Homes Look Ultra-Luxurious #LuxuryHome #InteriorDesign #Architecture,This Stone Is Making Modern Homes Look Ultra-Luxurious #NaturalStone #LuxuryHome #InteriorDesign #Architecture ...
youtube,interior design trends,https://www.youtube.com/watch?v=kIO_JG-DvBA,1791203415,Something BIG Is Coming This Festive Season 👀 | Dreemofy,"This festive season, Dreemofy has something special planned for homeowners in Patna and nearby areas. A Mega Festival Offer ..."
youtube,interior design trends,https://www.youtube.com/watch?v=o2qUo7NVSBk,1791203438,Modern Bedroom Almirah Design 2026 ✨ Glossy Wardrobe + LED Glass Cupboard Ideas,Modern Bedroom Almirah Design 2026 ✨ | Glossy Grey Wardrobe + LED Display Grey Glossy Almirah + Black Glass Door + LED ...
youtube,interior design trends,https://www.youtube.com/watch?v=OmYXQIIcJlE,1791203395,"Client wanted a $35,000 Lime Green, &amp; Gold Epoxy Luxe Design Floor🤯✨...#epoxyfloor #satisfying","What does a $35000 Lime Green, cream, and gold marble bedroom floor actually look like? This ultra-luxury transformation ..."
youtube,interior design trends,https://www.youtube.com/watch?v=QJE9J8BVaxQ,1791200004,Modern Furniture Trends &amp; Design Ideas | A360,Watch this video for a full house tour: https://youtu.be/3XKFe7n8AG0 Watch This project's details.
youtube,interior design trends,https://www.youtube.com/watch?v=ZI1hW7kDf1g,1791199815,The Luxury Home Trend That Makes You Feel Better🤍#BiophilicDesign #InteriorDesign #LuxuryHome #tour,The Luxury Home Trend That Makes You Feel Better   #BiophilicDesign #InteriorDesign #LuxuryHome #tour #HomeDesign ...
youtube,interior design trends,https://www.youtube.com/watch?v=vT5_VXUiAHQ,1791199159,Dharmapuri Best Interior Design Works | Modular Kitchen &amp; Wardrobe | Dream Interiors #dharmapuri,"Welcome to Dream Interior, your trusted destination for modern, stylish, and functional interior design solutions. We specialize in ..."
youtube,interior design trends,https://www.youtube.com/watch?v=8moua65oEUY,1791197547,New video from @vicscasa #Shorts #vicscasa,"New video from @vicscasa New video from @vicscasa New video from @vicscasa Welcome to vicscasa, your ultimate destination ..."
youtube,interior design trends,https://www.youtube.com/watch?v=dkmptqPPhgI,1791196215,Why Luxury Homes Are Obsessed With Venetian Plaster🤍#VenetianPlaster #LuxuryInterior #InteriorDesign,Why Luxury Homes Are Obsessed With Venetian Plaster   SO EXPENSIVE-LOOKING! #VenetianPlaster #LuxuryInterior ...
youtube,interior design trends,https://www.youtube.com/watch?v=eLx17rhFO9Q,1791192611,The Interior Trend Making Rooms Look 10X More Luxurious 🇺🇸🤍🤍#ColorDrenching #InteriorDesign #home,The Interior Trend Making Rooms Look 10X More Luxurious COLOR EVERYTHING! #ColorDrenching #InteriorDesign ...
youtube,interior design trends,https://www.youtube.com/watch?v=BrO0R7zClIc,1791189277,Luxury Modular Kitchen Design in Kanpur | Vanya Kitchen | Dream Interiors  #modularkitchen #home,Welcome to Vanya Kitchen Kanpur – where luxury meets functionality. We specialize in: ✓ Modular Kitchens ✓ Bedroom ...
youtube,interior design trends,https://www.youtube.com/watch?v=A2AkgkTmkss,1791187520,Modern Interior Design Living Room Dining 2025 Ideas #home#interiordesign#interiorstudio_14#living,Modern Interior Design Living Room Dining 2025 Ideas Wall Decoration #home #short#homedesign#kitchen ...
youtube,interior design trends,https://www.youtube.com/watch?v=MesvD359BFE,1791185415,Why Curved Architecture Is Taking Over Luxury Homes in 2026 #CurvedArchitecture #ModernHome #Design,"Why Curved Architecture Is Taking Over Luxury Homes 2026 “Straight lines are getting a makeover! Curved walls, arched ..."
youtube,interior design trends,https://www.youtube.com/watch?v=Y6AeQg9sVFQ,1791179769,2027 Kitchen Design Trends Unveiled #reels #homedecor #interiordesign #modularkitchen #furniture #dj,
youtube,interior design trends,https://www.youtube.com/watch?v=9FCqdYlljnQ,1791174137,Stylish Gate Design Trends Lohe Ka Gate New Design No 7081,
youtube,interior design trends,https://www.youtube.com/watch?v=PmyBVhP80LY,1791174159,Steel Main Gate Beautiful Gate Design Trends No 7209,
youtube,interior design trends,https://www.youtube.com/watch?v=MBfk4bIRLAE,1791165902,Some daily 2022 design trend inspo for you #hometrends2022... #Shorts #keirashomecollective,Some daily 2022 design trend inspo for you #hometrends2022... Some daily 2022 design trend inspo for you #hometrends2022.
youtube,home decor ideas,https://www.youtube.com/watch?v=ftZHptuAZh0,1791215656,Easy Coffee Table Styling Tips ✨ | Simple Home Decor Ideas,Transform your coffee table with these quick and easy styling steps! ✨ Start with a black tray to ground your items. Stack coffee ...
youtube,home decor ideas,https://www.youtube.com/watch?v=Zr_84tI1Cb8,1791214543,Home decor idea #shorts #reelkarofeelkaro #reelitfree #explore #kitchen #home,
youtube,home decor ideas,https://www.youtube.com/watch?v=Q5HGdm59_ys,1791212534,Bottle Decor Idea 💖 home decoration ideasfordiwali&amp;navratri #shorts #shortsfeed #clayart #bottleart,Bottle Decor Idea home decoration ideasfordiwali&navratri #shorts #shortsfeed #clayart #bottleart #shorts #youtubeshorts #diy ...
youtube,home decor ideas,https://www.youtube.com/watch?v=tpr_Qs2I0gY,1791212421,7 Boho Accent Essentials for a Dreamy Home 🌾🤎,"Love the relaxed boho look? These 7 earthy, textured accents bring instant warmth and character to any room. Wait for #1 — it's ..."
youtube,home decor ideas,https://www.youtube.com/watch?v=o1CZ2kKSCuw,1791209745,DIY Floral Bunny Decor 🐰🌸 | Beautiful Handmade Home Decoration#shorts #craft,Create a beautiful floral bunny decoration with pastel flowers and greenery! ✨ A simple and elegant DIY home decor idea ...
youtube,home decor ideas,https://www.youtube.com/watch?v=AQmBJJ-Kw5Y,1791209010,Wall Decor Ideas #walldecor #wallhanging #diy #shorts #ytshorts #craft #homedecor #art #handmade,Wall Decor Ideas #walldecor #wallhanging #diy #shorts #ytshorts #craft #homedecor #art #handmade.
youtube,home decor ideas,https://www.youtube.com/watch?v=OfhEBDQFYUo,1791207934,DIY home decor ideas #diy #diycrafts #craft #homedecor #youtubeshorts #art,DIY home decor from waste cardboard box asthetic room decor items asthetic home decor from waste cardboard box asthetic ...
youtube,home decor ideas,https://www.youtube.com/watch?v=ZK1zhB237ro,1791207009,PINTERESTY MEESHO Living Room Decorating Ideas#meesho #livingroom #viralvideo #home  #meeshoapp,Video Related Content: Budget Friendly Home decor idea | Amazon Vs Meesho Haul | Meesho Haul | Affordable Home Decor ...
youtube,home decor ideas,https://www.youtube.com/watch?v=N5ksmWPTV64,1791207008,Meesho Room Decor ✨ | Budget Room Decoration Ideas | Cute &amp; Aesthetic Home Decor Finds,Meesho Room Decor ✨ | Budget Room Decoration Ideas | Cute & Aesthetic Home Decor Finds Meesho Room Decor Finds ...
youtube,home decor ideas,https://www.youtube.com/watch?v=A7rxDMaxTzs,1791206848,DIY home decor ideas ❤️#youtubeshorts #ytshorts #love #art,
youtube,home decor ideas,https://www.youtube.com/watch?v=2-ugV5e_8Ow,1791205218,Beautiful Home Decor Ideas 🏡✨ | Easy &amp; Aesthetic DIY Inspiration,
youtube,home decor ideas,https://www.youtube.com/watch?v=jflJiqBQ2Tk,1791204955,5 Amazing DIY Home Decor Ideas Using Waste Materials 😍 | Best Out of Waste | DIY Crafts #shorts,5 Amazing DIY Home Decor Ideas Using Waste Materials | Best Out of Waste | DIY Crafts #shorts Description: Turn everyday ...
youtube,home decor ideas,https://www.youtube.com/watch?v=J-41oOUjwwE,1791203406,Simple Plant Decor Ideas for a Beautiful Home ✨️ Easy &amp; Affordable DIY ✨️🪴#ytshorts  #garden,Simple Plant Decor Ideas for a Beautiful Home | Easy & Affordable DIY ✨️   Give your home a fresh and natural makeover with ...
youtube,home decor ideas,https://www.youtube.com/watch?v=D11hFMDL4j4,1791203437,DIY Wall Decor From Cardboard 🌸 | Easy &amp; Beautiful Home Decor Idea #shorts #youtubeshorts,"Turn simple cardboard into a beautiful DIY wall decor! ✨ In this easy DIY craft tutorial, I show you how to transform ordinary ..."
youtube,home decor ideas,https://www.youtube.com/watch?v=2UCDBwvpAh4,1791203316,WOW! 😍 Beautiful Sofa Cover Makeover | Modern Sofa Design Ideas | Home Decor,Transform your sofa with a beautiful and stylish sofa cover makeover! ✨ इस वीडियो में देखें modern sofa cover ...
youtube,home decor ideas,https://www.youtube.com/watch?v=TjPG1aZiMe8,1791201746,DIY Home Decor Ideas 🌸#shorts,Home decor ideas #craft #diy #craftyhome #new #homedecor #handmade #artandcraft #youtube #shortsfeed #shortvideo ...
youtube,home decor ideas,https://www.youtube.com/watch?v=cFYIiT6gXHQ,1791200451,3D Cabbage Wall Art Set – Stylish 3-Panel Home Decor,Title 3D Cabbage Wall Art Set – Stylish 3-Panel Home Decor Description Transform your empty walls with this beautiful 3D ...
youtube,home decor ideas,https://www.youtube.com/watch?v=ruoCj2iBWwQ,1791199152,Amazing Wall Art &amp; Home Decor Ideas ✨😍 #Shorts,
youtube,home decor ideas,https://www.youtube.com/watch?v=LiOAyZMSIQc,1791196226,Brilliant DIY Decor Ideas for Your Home &amp; Garden #diy #homedecor #gardendecor #diygarden #diyhome,Brilliant DIY Decor Ideas for Your Home & Garden #diy #homedecor #gardendecor #diygarden #diyhome.
youtube,home decor ideas,https://www.youtube.com/watch?v=Tb7cvSmdnOc,1791196223,Home decor ideas for diwali | diy subh labh #diy #festival #diwali #trending #viral,
youtube,home decor ideas,https://www.youtube.com/watch?v=hedLhCcD9ZQ,1791195335,Indoor Plants &amp; Home Decor Pakistan | Cute Plant Ideas For Your Room,"Your room + a little green = instant upgrade ✨ Discover cute plants for bedrooms, living rooms, shelves and cozy corners."
youtube,home decor ideas,https://www.youtube.com/watch?v=yOJITv5MVfU,1791194011,Muslim home decor items.@Meesho #shorts,"Give your home a beautiful Islamic touch! Elegant Muslim home decor ideas with a peaceful, aesthetic vibe. Perfect for ..."
youtube,home decor ideas,https://www.youtube.com/watch?v=kgFYcYzg8kU,1791193255,Cute home decor ideas 💗✨ #shorts #diyfromwaste,"Cute home decor ideas ✨ #shorts #diyfromwaste waste material crafts ideas, yt shorts india, best out of use craft ideas , diy ..."
youtube,home decor ideas,https://www.youtube.com/watch?v=XWIMn5s-bhs,1791192602,declaration ideas #youtube #trending #viral #short #homedecorideas,
youtube,home decor ideas,https://www.youtube.com/watch?v=3wXUGcrmNUI,1791178232,Meesho haul | Meesho home decor haul |Simplify Your Space with Meesho decor staring at 171/- #meesho,Meesho haul | Meesho home decor haul | Latest Meesho home decor #meesho #meeshohaul #meeshomegablockbustersale ...
youtube,small apartment decor,https://www.youtube.com/watch?v=5Y7yOkRond4,1791216022,This Simple Decor Trick Makes Small Homes Look Expensive (Easy &amp; Cheap Fall 2026 Upgrade) Part 3,"FallDecor2026 #SmallHomeDecor #BudgetHomeDecor This Fall 2026, you don't need a big budget or a large house to create a ..."
youtube,small apartment decor,https://www.youtube.com/watch?v=rxYoNSWvoDw,1791214316,DIY Outdoor Brick Pizza Oven &amp; BBQ Kitchen Build,"DIY Outdoor Brick Pizza Oven & BBQ Kitchen Build DIY Luxury Home Decor idea perfect for small apartments in UK, USA ..."
youtube,small apartment decor,https://www.youtube.com/watch?v=laGKafsb4nw,1791212466,Pinterest Dream Pink Bedroom Decor with Fairy lights| Small Room Makeover Ideas | Parents love,Dreamy Pink Bedroom Decor With Fairy Lights ✨ | Small Room Makeover This viral pink bedroom decor is perfect for small ...
youtube,small apartment decor,https://www.youtube.com/watch?v=LQ0tPLD5eGo,1791211401,Smart Small Space Decor Ideas That Make a Tiny Apartment Feel Bigger,"Transform your tiny apartment into a home that feels bigger, smarter, and more stylish with these smart small space decor ideas."
youtube,small apartment decor,https://www.youtube.com/watch?v=rTa6kaH_tno,1791209762,Mañana de lunes en casa ✨🤍 #smallapartmentdecor #morningvibes #morning #homeiswheretheheartis,
youtube,small apartment decor,https://www.youtube.com/watch?v=Rdu8u3OWqPM,1791209251,Small Us &amp; uk Apartment Living Room Makeover 🌿 Cozy Home Decor Ideas #shorts #roominspo #roomstyle,"Looking for the ultimate small space transformation? In this video, we are sharing a luxurious and modern living room partition ..."
youtube,small apartment decor,https://www.youtube.com/watch?v=ywfrSJgRbmA,1791208953,Small Apartment? Try This MDF Décor,"Have a small space you want to make your own? Start with this pre-marked floral MDF base—follow the design, add your favourite ..."
youtube,small apartment decor,https://www.youtube.com/watch?v=Qo5GuIdcjrk,1791208827,Parisian Charm in Small Apartment Inside a Cozy and Vintage Elegance,"This video takes viewers inside a small Parisian-style apartment where limited space becomes an opportunity for creativity, ..."
youtube,small apartment decor,https://www.youtube.com/watch?v=6898tc6S7M4,1791206661,Tiny Apartment Decor Ideas That Make a Small Home Feel Cozy and Modern,"Discover how to make a tiny apartment feel cozy, modern, organized, and beautifully comfortable without overcrowding your ..."
youtube,small apartment decor,https://www.youtube.com/watch?v=d3eGOL2iBvY,1791206292,A Tiny Bedroom Makeover With Secret Gaming Base #shorts,
youtube,small apartment decor,https://www.youtube.com/watch?v=fKqFsxnwpRU,1791205860,I’ve never been someone who loves coming home but this apartment is slowly changing that!! Today was,"I've never been someone who loves coming home but this apartment is slowly changing that!! Today was all about small stuff, new ..."
youtube,small apartment decor,https://www.youtube.com/watch?v=lqng7rSe7gY,1791203597,A Small Apartment With the Beauty of Parisian Style,"Discover how a small apartment can feel elegant, timeless, and beautifully Parisian. In this video, ATS Studio explores inspiring ..."
youtube,small apartment decor,https://www.youtube.com/watch?v=ReiSXRQR95o,1791200063,Genius Desk Setups For Tiny Apartments,The provided sources offer comprehensive guides and inspiration for creating functional and stylish desk setups and workspace ...
youtube,small apartment decor,https://www.youtube.com/watch?v=d1X1DlHDc0E,1791198484,Make Your Tiny Apartment Feel Bigger With These Smart Decor Ideas,"A small apartment can feel surprisingly spacious when you decorate with intention. In this video, Vhin Project shares smart and ..."
youtube,small apartment decor,https://www.youtube.com/watch?v=h76KzoMMNMQ,1791198000,"Small House, No Compromise: 10 Brilliant Ways to Maximize Your Space","This video shows that living in a small apartment does not mean giving up comfort, beauty, or personality. The central theme is ..."
youtube,small apartment decor,https://www.youtube.com/watch?v=FEOZJu3wQTI,1791187531,"✨ Small Change, BIG Difference | Modern Floor Lamp for Home Decor","Title:** ✨ Small Change, BIG Difference | Modern Floor Lamp for Home Decor **Description:** Got an empty corner that feels ..."
youtube,small apartment decor,https://www.youtube.com/watch?v=UPspxuL52rM,1791187226,Cosy little space #apartment #shorts #greenhouse# #home #aidesign #homesweethome #plants,Dream Home #ciptavault #ciptavaultvlog.
youtube,small apartment decor,https://www.youtube.com/watch?v=2u-YuFhD9Js,1791187239,Fall Bedroom Ideas for Apartments and Small Spaces #interiordesign #homedecor #architecture,"Decorating a rental property for the autumn season comes with a unique set of challenges. When you cannot paint walls, change ..."
youtube,small apartment decor,https://www.youtube.com/watch?v=fzCkxc0W0ic,1791169491,A small beautiful home decor by professional decorer🏙️ !shorts,A small beautiful home decor by professional decorer🏙️ !shorts #beautiful #home #professional #shorts #ytshorts #yt #youtube ...
youtube,small apartment decor,https://www.youtube.com/watch?v=aNHeDMrfKEg,1791161307,Small Apartment Decor Ideas for 2026 | 10 Ways to Make a Small Space Feel Bigger,"Small Apartment Decor Ideas for 2026 — especially when your living room, dining area, and bedroom are all sharing the same ..."
youtube,small apartment decor,https://www.youtube.com/watch?v=1pNdA2cyFyg,1791158412,Tiny NYC Bedroom? Try This Loft Bed Layout 🏙️,"Small bedroom, smart layout. 🏙️✨ This loft bed setup creates separate zones for sleeping, studying, and storage while keeping ..."
youtube,small apartment decor,https://www.youtube.com/watch?v=Aedl7VUFZxI,1791158040,No Entryway? 5 Small Entryway Ideas (One Wall Only) #shorts,No hallway? We styled one wall like a boutique hotel. 5 small entryway ideas for small apartments and homes under 90m²: 1.
youtube,small apartment decor,https://www.youtube.com/watch?v=cZ3Fy86P1po,1791149433,"No one could say no to this cloud sofa, especially for a small apartment! 💚",Like that chair? Click this link to shop: https://abcasahome.com/products/cloud-4-piece-modular-sofa-113 #greensofoa #cloudsofa ...
youtube,small apartment decor,https://www.youtube.com/watch?v=em66uBGKDJc,1791141030,I Melted Bottle Caps Into a Luxury Daisy Table!,"I Melted Bottle Caps Into a Luxury Daisy Table! DIY Luxury Home Decor idea perfect for small apartments in UK, USA & Canada."
youtube,small apartment decor,https://www.youtube.com/watch?v=_4Cpxoxjlbw,1791135652,small apartment living area transformation video in Cream and Teal color in modern style,
