Term,Total,slope,pvalue,weeks_present,first_seen,last_seen,score_up,score_down,score
strong,171,11.130952380952381,0.11374997533989743,3,2026-09-07,2026-10-05,0.8487271622677701,-0.8487271622677701,0.8487271622677701
figure,67,4.273809523809524,0.16488847184087813,2,2026-09-28,2026-10-05,0.5182755320716878,-0.5182755320716878,0.5182755320716878
work,72,4.380952380952381,0.2639958783171417,2,2026-09-28,2026-10-05,0.5127516924782863,-0.5127516924782863,0.5127516924782863
strong strong,39,2.988095238095238,0.04216479043655253,2,2026-09-28,2026-10-05,0.47245934089420427,-0.47245934089420427,0.47245934089420427
blockquote,54,3.2142857142857144,0.309958735506241,1,2026-09-28,2026-09-28,0.4334141972977985,-0.4334141972977985,0.4334141972977985
src,43,2.7261904761904763,0.1772714238748701,2,2026-09-28,2026-10-05,0.4109886780256421,-0.4109886780256421,0.4109886780256421
graphic,47,2.75,0.1222251303490938,4,2026-08-31,2026-10-05,0.3969283100678677,-0.3969283100678677,0.3969283100678677
alt,39,2.488095238095238,0.16460199579119758,2,2026-09-28,2026-10-05,0.3934023993899948,-0.3934023993899948,0.3934023993899948
time,48,2.7142857142857144,0.29804825725386996,4,2026-08-24,2026-10-05,0.38775510204081637,-0.38775510204081637,0.38775510204081637
graphic design,34,2.1904761904761907,0.07783294557032272,3,2026-09-21,2026-10-05,0.370258054452493,-0.370258054452493,0.370258054452493
people,44,2.4523809523809526,0.3024473394313841,3,2026-08-31,2026-10-05,0.36557936774996563,-0.36557936774996563,0.36557936774996563
figcaption,35,2.0833333333333335,0.309958735506241,1,2026-09-28,2026-09-28,0.34722222222222227,-0.34722222222222227,0.34722222222222227
img,33,1.9880952380952381,0.28494010326104063,2,2026-09-28,2026-10-05,0.34095552046189254,-0.34095552046189254,0.34095552046189254
img alt,33,1.9880952380952381,0.28494010326104063,2,2026-09-28,2026-10-05,0.34095552046189254,-0.34095552046189254,0.34095552046189254
product,33,1.9642857142857142,0.272013488874162,3,2026-09-21,2026-10-05,0.33687222081564233,-0.33687222081564233,0.33687222081564233
support,32,1.9285714285714286,0.22392443576673973,3,2026-09-14,2026-10-05,0.33572119362884584,-0.33572119362884584,0.33572119362884584
model,31,1.869047619047619,0.28332002457172845,2,2026-09-28,2026-10-05,0.33040406144728557,-0.33040406144728557,0.33040406144728557
shorts,30,1.7619047619047619,0.1839753675697432,4,2026-09-14,2026-10-05,0.3164474369043177,-0.3164474369043177,0.3164474369043177
agent,29,1.7261904761904763,0.309958735506241,1,2026-09-28,2026-09-28,0.31515782078670274,-0.31515782078670274,0.31515782078670274
alt src,23,1.5119047619047619,0.10905836768429183,2,2026-09-28,2026-10-05,0.30861626719589647,-0.30861626719589647,0.30861626719589647
figure img,27,1.6071428571428572,0.309958735506241,1,2026-09-28,2026-09-28,0.30372145152527186,-0.30372145152527186,0.30372145152527186
figure img alt,27,1.6071428571428572,0.309958735506241,1,2026-09-28,2026-09-28,0.30372145152527186,-0.30372145152527186,0.30372145152527186
interface,36,1.8095238095238095,0.3123705335438781,3,2026-09-07,2026-09-28,0.29748388179064655,-0.29748388179064655,0.29748388179064655
make,29,1.5833333333333333,0.26524977817469686,5,2026-08-31,2026-10-05,0.28907579423883767,-0.28907579423883767,0.28907579423883767
feed,24,1.4285714285714286,0.309958735506241,1,2026-09-28,2026-09-28,0.2857142857142857,-0.2857142857142857,0.2857142857142857
medium,22,1.3333333333333333,0.27237582243703473,2,2026-09-28,2026-10-05,0.27801921874276636,-0.27801921874276636,0.27801921874276636
did,21,1.2976190476190477,0.23121771910783137,2,2026-09-28,2026-10-05,0.27665331050906594,-0.27665331050906594,0.27665331050906594
agents,25,1.369047619047619,0.329827930353449,2,2026-08-24,2026-09-28,0.26849232786775196,-0.26849232786775196,0.26849232786775196
like,25,1.369047619047619,0.2780924445173612,3,2026-09-14,2026-09-28,0.26849232786775196,-0.26849232786775196,0.26849232786775196
answer,20,1.2142857142857142,0.268604592207337,2,2026-09-28,2026-10-05,0.2649788667151336,-0.2649788667151336,0.2649788667151336
question,20,1.2142857142857142,0.268604592207337,2,2026-09-28,2026-10-05,0.2649788667151336,-0.2649788667151336,0.2649788667151336
problem,24,1.3095238095238095,0.330730381895904,2,2026-08-24,2026-09-28,0.2619047619047619,-0.2619047619047619,0.2619047619047619
think,17,1.1071428571428572,0.12521994325602637,2,2026-09-28,2026-10-05,0.26095607400932114,-0.26095607400932114,0.26095607400932114
research,20,1.1904761904761905,0.309958735506241,1,2026-09-28,2026-09-28,0.2597832026618957,-0.2597832026618957,0.2597832026618957
src figure,15,1.0357142857142858,0.047567115066333834,2,2026-09-28,2026-10-05,0.25892857142857145,-0.25892857142857145,0.25892857142857145
does,19,1.130952380952381,0.309958735506241,1,2026-09-28,2026-09-28,0.2528886403124762,-0.2528886403124762,0.2528886403124762
alt src figure,14,0.9761904761904762,0.04056663635875771,2,2026-09-28,2026-10-05,0.2520512971341335,-0.2520512971341335,0.2520512971341335
person,18,1.0714285714285714,0.309958735506241,1,2026-09-28,2026-09-28,0.2458025720041733,-0.2458025720041733,0.2458025720041733
src figcaption,18,1.0714285714285714,0.309958735506241,1,2026-09-28,2026-09-28,0.2458025720041733,-0.2458025720041733,0.2458025720041733
step,18,1.0714285714285714,0.309958735506241,1,2026-09-28,2026-09-28,0.2458025720041733,-0.2458025720041733,0.2458025720041733
design trends,30,1.3333333333333333,0.1645642550728837,5,2026-08-24,2026-10-05,0.23947373603569988,-0.23947373603569988,0.23947373603569988
figcaption figure,17,1.0119047619047619,0.309958735506241,1,2026-09-28,2026-09-28,0.23850823968593865,-0.23850823968593865,0.23850823968593865
img alt src,17,1.0119047619047619,0.309958735506241,1,2026-09-28,2026-09-28,0.23850823968593865,-0.23850823968593865,0.23850823968593865
conversation,16,0.9761904761904762,0.25823781559052683,2,2026-09-28,2026-10-05,0.23676096729737264,-0.23676096729737264,0.23676096729737264
feel,17,0.9880952380952381,0.2865333177507836,2,2026-09-21,2026-09-28,0.23289628110509306,-0.23289628110509306,0.23289628110509306
class,16,0.9523809523809523,0.309958735506241,1,2026-09-28,2026-09-28,0.23098630955841234,-0.23098630955841234,0.23098630955841234
class medium,16,0.9523809523809523,0.309958735506241,1,2026-09-28,2026-09-28,0.23098630955841234,-0.23098630955841234,0.23098630955841234
class medium feed,16,0.9523809523809523,0.309958735506241,1,2026-09-28,2026-09-28,0.23098630955841234,-0.23098630955841234,0.23098630955841234
medium feed,16,0.9523809523809523,0.309958735506241,1,2026-09-28,2026-09-28,0.23098630955841234,-0.23098630955841234,0.23098630955841234
need,16,0.9523809523809523,0.22974054535741778,3,2026-09-21,2026-10-05,0.23098630955841234,-0.23098630955841234,0.23098630955841234
attention,14,0.8809523809523809,0.19280584052157082,2,2026-09-28,2026-10-05,0.2274609266820229,-0.2274609266820229,0.2274609266820229
didn,13,0.8452380952380952,0.12821440316034574,2,2026-09-28,2026-10-05,0.22589938304502538,-0.22589938304502538,0.22589938304502538
way,21,1.0595238095238095,0.30475535717589436,4,2026-08-24,2026-10-05,0.22589123518630153,-0.22589123518630153,0.22589123518630153
doesn,16,0.9285714285714286,0.2850664428613511,2,2026-09-21,2026-09-28,0.22521165181945205,-0.22521165181945205,0.22521165181945205
just,20,1.0238095238095237,0.26150114261104856,3,2026-08-31,2026-09-28,0.2234135542892303,-0.2234135542892303,0.2234135542892303
web,39,1.3928571428571428,0.2045512851969304,4,2026-09-07,2026-09-28,0.22023005133315496,-0.22023005133315496,0.22023005133315496
read,13,0.8214285714285714,0.18419172020246496,2,2026-09-28,2026-10-05,0.2195360201423486,-0.2195360201423486,0.2195360201423486
day,18,0.9523809523809523,0.33850372537643547,2,2026-08-24,2026-09-28,0.2184911751148207,-0.2184911751148207,0.2184911751148207
different,17,0.9166666666666666,0.290420486607504,2,2026-09-14,2026-09-28,0.2160604053625562,-0.2160604053625562,0.2160604053625562
long,14,0.8333333333333334,0.309958735506241,1,2026-09-28,2026-09-28,0.21516574145596762,-0.21516574145596762,0.21516574145596762
teams,14,0.8333333333333334,0.309958735506241,1,2026-09-28,2026-09-28,0.21516574145596762,-0.21516574145596762,0.21516574145596762
things,14,0.8333333333333334,0.309958735506241,1,2026-09-28,2026-09-28,0.21516574145596762,-0.21516574145596762,0.21516574145596762
tolerance,14,0.8333333333333334,0.309958735506241,1,2026-09-28,2026-09-28,0.21516574145596762,-0.21516574145596762,0.21516574145596762
working,14,0.8333333333333334,0.309958735506241,1,2026-09-28,2026-09-28,0.21516574145596762,-0.21516574145596762,0.21516574145596762
worth,14,0.8333333333333334,0.309958735506241,1,2026-09-28,2026-09-28,0.21516574145596762,-0.21516574145596762,0.21516574145596762
place,13,0.7976190476190477,0.24630021910047534,2,2026-09-28,2026-10-05,0.21317265723967185,-0.21317265723967185,0.21317265723967185
shorts viral,13,0.7976190476190477,0.14498941285334496,3,2026-09-21,2026-10-05,0.21317265723967185,-0.21317265723967185,0.21317265723967185
team,13,0.7976190476190477,0.24630021910047534,2,2026-09-28,2026-10-05,0.21317265723967185,-0.21317265723967185,0.21317265723967185
viral,13,0.7976190476190477,0.14498941285334496,3,2026-09-21,2026-10-05,0.21317265723967185,-0.21317265723967185,0.21317265723967185
right,15,0.8452380952380952,0.29827537802471343,2,2026-09-14,2026-09-28,0.2113095238095238,-0.2113095238095238,0.2113095238095238
ask,16,0.8571428571428571,0.28619573480536037,3,2026-08-24,2026-10-05,0.2078876786025711,-0.2078876786025711,0.2078876786025711
create,16,0.8571428571428571,0.21664763590131172,2,2026-09-21,2026-09-28,0.2078876786025711,-0.2078876786025711,0.2078876786025711
human,16,0.8571428571428571,0.28619573480536037,3,2026-09-07,2026-09-28,0.2078876786025711,-0.2078876786025711,0.2078876786025711
lived,13,0.7738095238095238,0.309958735506241,1,2026-09-28,2026-09-28,0.20680929433699508,-0.20680929433699508,0.20680929433699508
real,12,0.7380952380952381,0.24100923814051667,2,2026-09-28,2026-10-05,0.2047107867021679,-0.2047107867021679,0.2047107867021679
use,14,0.7857142857142857,0.2974916877551281,2,2026-09-14,2026-09-28,0.2028705562299123,-0.2028705562299123,0.2028705562299123
collective,11,0.7023809523809523,0.16286129672634028,2,2026-09-28,2026-10-05,0.20275991596540427,-0.20275991596540427,0.20275991596540427
design trends shorts,11,0.7023809523809523,0.16286129672634028,2,2026-09-28,2026-10-05,0.20275991596540427,-0.20275991596540427,0.20275991596540427
computer,15,0.7976190476190477,0.2882931244514459,2,2026-09-14,2026-09-28,0.19940476190476192,-0.19940476190476192,0.19940476190476192
tool,15,0.7976190476190477,0.28456922326552564,3,2026-08-24,2026-10-05,0.19940476190476192,-0.19940476190476192,0.19940476190476192
clock,12,0.7142857142857143,0.309958735506241,1,2026-09-28,2026-09-28,0.19810721293758185,-0.19810721293758185,0.19810721293758185
experience,12,0.7142857142857143,0.309958735506241,1,2026-09-28,2026-09-28,0.19810721293758185,-0.19810721293758185,0.19810721293758185
group,12,0.7142857142857143,0.309958735506241,1,2026-09-28,2026-09-28,0.19810721293758185,-0.19810721293758185,0.19810721293758185
response,12,0.7142857142857143,0.309958735506241,1,2026-09-28,2026-09-28,0.19810721293758185,-0.19810721293758185,0.19810721293758185
trends shorts,12,0.7142857142857143,0.14766802103752902,3,2026-09-14,2026-10-05,0.19810721293758185,-0.19810721293758185,0.19810721293758185
years,12,0.7142857142857143,0.309958735506241,1,2026-09-28,2026-09-28,0.19810721293758185,-0.19810721293758185,0.19810721293758185
visual,14,0.7619047619047619,0.22787750421296793,2,2026-09-21,2026-09-28,0.19672296361688466,-0.19672296361688466,0.19672296361688466
forward,11,0.6785714285714286,0.23477235799023863,2,2026-09-28,2026-10-05,0.1958866984750516,-0.1958866984750516,0.1958866984750516
using,11,0.6785714285714286,0.23477235799023863,2,2026-09-28,2026-10-05,0.1958866984750516,-0.1958866984750516,0.1958866984750516
write,11,0.6785714285714286,0.23477235799023863,2,2026-09-28,2026-10-05,0.1958866984750516,-0.1958866984750516,0.1958866984750516
designing,13,0.7261904761904762,0.24418775869545672,3,2026-09-07,2026-10-05,0.19408256853164152,-0.19408256853164152,0.19408256853164152
seconds,10,0.6428571428571429,0.14954615820326056,2,2026-09-28,2026-10-05,0.19382872151427663,-0.19382872151427663,0.19382872151427663
needs,11,0.6547619047619048,0.309958735506241,1,2026-09-28,2026-09-28,0.18901348098469892,-0.18901348098469892,0.18901348098469892
review,11,0.6547619047619048,0.309958735506241,1,2026-09-28,2026-09-28,0.18901348098469892,-0.18901348098469892,0.18901348098469892
run,11,0.6547619047619048,0.309958735506241,1,2026-09-28,2026-09-28,0.18901348098469892,-0.18901348098469892,0.18901348098469892
understand,11,0.6547619047619048,0.309958735506241,1,2026-09-28,2026-09-28,0.18901348098469892,-0.18901348098469892,0.18901348098469892
used,11,0.6547619047619048,0.309958735506241,1,2026-09-28,2026-09-28,0.18901348098469892,-0.18901348098469892,0.18901348098469892
wrong,11,0.6547619047619048,0.309958735506241,1,2026-09-28,2026-09-28,0.18901348098469892,-0.18901348098469892,0.18901348098469892
public,10,0.6190476190476191,0.22731656747148415,2,2026-09-28,2026-10-05,0.18664987997671081,-0.18664987997671081,0.18664987997671081
service,10,0.6190476190476191,0.22731656747148415,2,2026-09-28,2026-10-05,0.18664987997671081,-0.18664987997671081,0.18664987997671081
src width,10,0.6190476190476191,0.22731656747148415,2,2026-09-28,2026-10-05,0.18664987997671081,-0.18664987997671081,0.18664987997671081
thing,10,0.6190476190476191,0.22731656747148415,2,2026-09-28,2026-10-05,0.18664987997671081,-0.18664987997671081,0.18664987997671081
video,10,0.6190476190476191,0.22731656747148415,2,2026-09-28,2026-10-05,0.18664987997671081,-0.18664987997671081,0.18664987997671081
width,10,0.6190476190476191,0.22731656747148415,2,2026-09-28,2026-10-05,0.18664987997671081,-0.18664987997671081,0.18664987997671081
idea,12,0.6666666666666666,0.29557245162157725,2,2026-09-14,2026-09-28,0.1849000654084097,-0.1849000654084097,0.1849000654084097
making,12,0.6666666666666666,0.29557245162157725,2,2026-09-14,2026-09-28,0.1849000654084097,-0.1849000654084097,0.1849000654084097
new,16,0.7619047619047619,0.35181255311756476,2,2026-08-31,2026-09-28,0.18478904764672988,-0.18478904764672988,0.18478904764672988
better,14,0.7142857142857143,0.30025928615537717,3,2026-08-31,2026-09-28,0.18442777839082938,-0.18442777839082938,0.18442777839082938
wait,11,0.6309523809523809,0.27376975219172,2,2026-09-21,2026-09-28,0.18214026349434623,-0.18214026349434623,0.18214026349434623
prompt,7,0.5119047619047619,0.0274464805269518,2,2026-09-28,2026-10-05,0.18098566423227105,-0.18098566423227105,0.18098566423227105
come,10,0.5952380952380952,0.309958735506241,1,2026-09-28,2026-09-28,0.17947103843914503,-0.17947103843914503,0.17947103843914503
don,10,0.5952380952380952,0.309958735506241,1,2026-09-28,2026-09-28,0.17947103843914503,-0.17947103843914503,0.17947103843914503
expensive,10,0.5952380952380952,0.05962312604354511,3,2026-09-21,2026-10-05,0.17947103843914503,-0.17947103843914503,0.17947103843914503
gets,10,0.5952380952380952,0.309958735506241,1,2026-09-28,2026-09-28,0.17947103843914503,-0.17947103843914503,0.17947103843914503
gives,10,0.5952380952380952,0.309958735506241,1,2026-09-28,2026-09-28,0.17947103843914503,-0.17947103843914503,0.17947103843914503
hard,10,0.5952380952380952,0.309958735506241,1,2026-09-28,2026-09-28,0.17947103843914503,-0.17947103843914503,0.17947103843914503
know,10,0.5952380952380952,0.309958735506241,1,2026-09-28,2026-09-28,0.17947103843914503,-0.17947103843914503,0.17947103843914503
screens,10,0.5952380952380952,0.309958735506241,1,2026-09-28,2026-09-28,0.17947103843914503,-0.17947103843914503,0.17947103843914503
start,10,0.5952380952380952,0.309958735506241,1,2026-09-28,2026-09-28,0.17947103843914503,-0.17947103843914503,0.17947103843914503
argument,9,0.5595238095238095,0.2182561582119365,2,2026-09-28,2026-10-05,0.17693696431894504,-0.17693696431894504,0.17693696431894504
second,9,0.5595238095238095,0.2182561582119365,2,2026-09-28,2026-10-05,0.17693696431894504,-0.17693696431894504,0.17693696431894504
ways,9,0.5595238095238095,0.2182561582119365,2,2026-09-28,2026-10-05,0.17693696431894504,-0.17693696431894504,0.17693696431894504
week,9,0.5595238095238095,0.2182561582119365,2,2026-09-28,2026-10-05,0.17693696431894504,-0.17693696431894504,0.17693696431894504
user,11,0.6071428571428571,0.29438342671066375,2,2026-09-14,2026-09-28,0.17526704600399354,-0.17526704600399354,0.17526704600399354
bad,8,0.5238095238095238,0.1157638299914791,2,2026-09-28,2026-10-05,0.17460317460317462,-0.17460317460317462,0.17460317460317462
tell,8,0.5238095238095238,0.1157638299914791,2,2026-09-28,2026-10-05,0.17460317460317462,-0.17460317460317462,0.17460317460317462
trends shorts viral,8,0.5238095238095238,0.1157638299914791,2,2026-09-28,2026-10-05,0.17460317460317462,-0.17460317460317462,0.17460317460317462
experiences,14,0.6666666666666666,0.2890614837850286,3,2026-09-07,2026-09-28,0.17213259316477406,-0.17213259316477406,0.17213259316477406
web design,26,0.8809523809523809,0.18424634190629074,4,2026-09-07,2026-09-28,0.16953936476203296,-0.16953936476203296,0.16953936476203296
alt src figcaption,9,0.5357142857142857,0.309958735506241,1,2026-09-28,2026-09-28,0.1694077317947346,-0.1694077317947346,0.1694077317947346
built,9,0.5357142857142857,0.309958735506241,1,2026-09-28,2026-09-28,0.1694077317947346,-0.1694077317947346,0.1694077317947346
design design,9,0.5357142857142857,0.309958735506241,1,2026-09-28,2026-09-28,0.1694077317947346,-0.1694077317947346,0.1694077317947346
design design trends,9,0.5357142857142857,0.309958735506241,1,2026-09-28,2026-09-28,0.1694077317947346,-0.1694077317947346,0.1694077317947346
designed,9,0.5357142857142857,0.309958735506241,1,2026-09-28,2026-09-28,0.1694077317947346,-0.1694077317947346,0.1694077317947346
graphic design design,9,0.5357142857142857,0.309958735506241,1,2026-09-28,2026-09-28,0.1694077317947346,-0.1694077317947346,0.1694077317947346
image,9,0.5357142857142857,0.309958735506241,1,2026-09-28,2026-09-28,0.1694077317947346,-0.1694077317947346,0.1694077317947346
machine,9,0.5357142857142857,0.309958735506241,1,2026-09-28,2026-09-28,0.1694077317947346,-0.1694077317947346,0.1694077317947346
makes,9,0.5357142857142857,0.309958735506241,1,2026-09-28,2026-09-28,0.1694077317947346,-0.1694077317947346,0.1694077317947346
ones,9,0.5357142857142857,0.309958735506241,1,2026-09-28,2026-09-28,0.1694077317947346,-0.1694077317947346,0.1694077317947346
platform,9,0.5357142857142857,0.309958735506241,1,2026-09-28,2026-09-28,0.1694077317947346,-0.1694077317947346,0.1694077317947346
process,9,0.5357142857142857,0.309958735506241,1,2026-09-28,2026-09-28,0.1694077317947346,-0.1694077317947346,0.1694077317947346
reading,9,0.5357142857142857,0.309958735506241,1,2026-09-28,2026-09-28,0.1694077317947346,-0.1694077317947346,0.1694077317947346
surface,9,0.5357142857142857,0.309958735506241,1,2026-09-28,2026-09-28,0.1694077317947346,-0.1694077317947346,0.1694077317947346
taking,9,0.5357142857142857,0.309958735506241,1,2026-09-28,2026-09-28,0.1694077317947346,-0.1694077317947346,0.1694077317947346
content,8,0.5,0.20703125,2,2026-09-28,2026-10-05,0.16666666666666666,-0.16666666666666666,0.16666666666666666
published,8,0.5,0.20703125,2,2026-09-28,2026-10-05,0.16666666666666666,-0.16666666666666666,0.16666666666666666
point,9,0.5119047619047619,0.26581401328789983,2,2026-09-21,2026-09-28,0.16187849927052417,-0.16187849927052417,0.16187849927052417
turn,11,0.5595238095238095,0.28291511606752584,2,2026-09-14,2026-09-28,0.16152061102328819,-0.16152061102328819,0.16152061102328819
behavior,8,0.47619047619047616,0.309958735506241,1,2026-09-28,2026-09-28,0.15873015873015872,-0.15873015873015872,0.15873015873015872
calls,8,0.47619047619047616,0.309958735506241,1,2026-09-28,2026-09-28,0.15873015873015872,-0.15873015873015872,0.15873015873015872
div,8,0.47619047619047616,0.309958735506241,1,2026-09-28,2026-09-28,0.15873015873015872,-0.15873015873015872,0.15873015873015872
exactly,8,0.47619047619047616,0.309958735506241,1,2026-09-28,2026-09-28,0.15873015873015872,-0.15873015873015872,0.15873015873015872
field,8,0.47619047619047616,0.309958735506241,1,2026-09-28,2026-09-28,0.15873015873015872,-0.15873015873015872,0.15873015873015872
hold,8,0.47619047619047616,0.309958735506241,1,2026-09-28,2026-09-28,0.15873015873015872,-0.15873015873015872,0.15873015873015872
leave,8,0.47619047619047616,0.309958735506241,1,2026-09-28,2026-09-28,0.15873015873015872,-0.15873015873015872,0.15873015873015872
line,8,0.47619047619047616,0.309958735506241,1,2026-09-28,2026-09-28,0.15873015873015872,-0.15873015873015872,0.15873015873015872
music,8,0.47619047619047616,0.309958735506241,1,2026-09-28,2026-09-28,0.15873015873015872,-0.15873015873015872,0.15873015873015872
practice,8,0.47619047619047616,0.309958735506241,1,2026-09-28,2026-09-28,0.15873015873015872,-0.15873015873015872,0.15873015873015872
produce,8,0.47619047619047616,0.309958735506241,1,2026-09-28,2026-09-28,0.15873015873015872,-0.15873015873015872,0.15873015873015872
roles,8,0.47619047619047616,0.309958735506241,1,2026-09-28,2026-09-28,0.15873015873015872,-0.15873015873015872,0.15873015873015872
shape,8,0.47619047619047616,0.309958735506241,1,2026-09-28,2026-09-28,0.15873015873015872,-0.15873015873015872,0.15873015873015872
sit,8,0.47619047619047616,0.309958735506241,1,2026-09-28,2026-09-28,0.15873015873015872,-0.15873015873015872,0.15873015873015872
speed,8,0.47619047619047616,0.14584907929459257,3,2026-09-21,2026-10-05,0.15873015873015872,-0.15873015873015872,0.15873015873015872
spent,8,0.47619047619047616,0.309958735506241,1,2026-09-28,2026-09-28,0.15873015873015872,-0.15873015873015872,0.15873015873015872
steps,8,0.47619047619047616,0.309958735506241,1,2026-09-28,2026-09-28,0.15873015873015872,-0.15873015873015872,0.15873015873015872
users,8,0.47619047619047616,0.309958735506241,1,2026-09-28,2026-09-28,0.15873015873015872,-0.15873015873015872,0.15873015873015872
ability,7,0.44047619047619047,0.19280584052157082,2,2026-09-28,2026-10-05,0.1557318506184658,-0.1557318506184658,0.1557318506184658
available,7,0.44047619047619047,0.19280584052157082,2,2026-09-28,2026-10-05,0.1557318506184658,-0.1557318506184658,0.1557318506184658
check,7,0.44047619047619047,0.19280584052157082,2,2026-09-28,2026-10-05,0.1557318506184658,-0.1557318506184658,0.1557318506184658
story,7,0.44047619047619047,0.19280584052157082,2,2026-09-28,2026-10-05,0.1557318506184658,-0.1557318506184658,0.1557318506184658
tab,7,0.44047619047619047,0.19280584052157082,2,2026-09-28,2026-10-05,0.1557318506184658,-0.1557318506184658,0.1557318506184658
boring,6,0.40476190476190477,0.0073640592242113275,3,2026-09-21,2026-10-05,0.15298562002754434,-0.15298562002754434,0.15298562002754434
graphicdesign,6,0.40476190476190477,0.07121015977931285,2,2026-09-28,2026-10-05,0.15298562002754434,-0.15298562002754434,0.15298562002754434
stop,19,0.6785714285714286,0.26982036517460484,4,2026-08-24,2026-09-28,0.15173318418748574,-0.15173318418748574,0.15173318418748574
help,10,0.5,0.2814759619662531,2,2026-09-14,2026-09-28,0.15075567228888181,-0.15075567228888181,0.15075567228888181
accept,7,0.4166666666666667,0.309958735506241,1,2026-09-28,2026-09-28,0.1473139127471974,-0.1473139127471974,0.1473139127471974
analytics,7,0.4166666666666667,0.309958735506241,1,2026-09-28,2026-09-28,0.1473139127471974,-0.1473139127471974,0.1473139127471974
arriving,7,0.4166666666666667,0.309958735506241,1,2026-09-28,2026-09-28,0.1473139127471974,-0.1473139127471974,0.1473139127471974
doing,7,0.4166666666666667,0.309958735506241,1,2026-09-28,2026-09-28,0.1473139127471974,-0.1473139127471974,0.1473139127471974
end,7,0.4166666666666667,0.309958735506241,1,2026-09-28,2026-09-28,0.1473139127471974,-0.1473139127471974,0.1473139127471974
fast,7,0.4166666666666667,0.12285500551188924,3,2026-09-21,2026-10-05,0.1473139127471974,-0.1473139127471974,0.1473139127471974
good,7,0.4166666666666667,0.309958735506241,1,2026-09-28,2026-09-28,0.1473139127471974,-0.1473139127471974,0.1473139127471974
job,7,0.4166666666666667,0.309958735506241,1,2026-09-28,2026-09-28,0.1473139127471974,-0.1473139127471974,0.1473139127471974
kind,7,0.4166666666666667,0.309958735506241,1,2026-09-28,2026-09-28,0.1473139127471974,-0.1473139127471974,0.1473139127471974
limit,7,0.4166666666666667,0.309958735506241,1,2026-09-28,2026-09-28,0.1473139127471974,-0.1473139127471974,0.1473139127471974
recognize,7,0.4166666666666667,0.309958735506241,1,2026-09-28,2026-09-28,0.1473139127471974,-0.1473139127471974,0.1473139127471974
request,7,0.4166666666666667,0.309958735506241,1,2026-09-28,2026-09-28,0.1473139127471974,-0.1473139127471974,0.1473139127471974
stopped,7,0.4166666666666667,0.309958735506241,1,2026-09-28,2026-09-28,0.1473139127471974,-0.1473139127471974,0.1473139127471974
version,7,0.4166666666666667,0.309958735506241,1,2026-09-28,2026-09-28,0.1473139127471974,-0.1473139127471974,0.1473139127471974
helps,9,0.4642857142857143,0.16569377293246604,3,2026-09-14,2026-10-05,0.14682003422210332,-0.14682003422210332,0.14682003422210332
look,9,0.4642857142857143,0.23921002498550833,3,2026-09-14,2026-09-28,0.14682003422210332,-0.14682003422210332,0.14682003422210332
means,9,0.4642857142857143,0.3180270429932781,2,2026-09-07,2026-09-28,0.14682003422210332,-0.14682003422210332,0.14682003422210332
moving,9,0.4642857142857143,0.3180270429932781,2,2026-09-07,2026-09-28,0.14682003422210332,-0.14682003422210332,0.14682003422210332
return,9,0.4642857142857143,0.3180270429932781,2,2026-09-07,2026-09-28,0.14682003422210332,-0.14682003422210332,0.14682003422210332
understanding,9,0.4642857142857143,0.3180270429932781,2,2026-09-07,2026-09-28,0.14682003422210332,-0.14682003422210332,0.14682003422210332
value,9,0.4642857142857143,0.3180270429932781,2,2026-09-07,2026-09-28,0.14682003422210332,-0.14682003422210332,0.14682003422210332
designs,15,0.5833333333333334,0.06332327640133421,6,2026-08-24,2026-10-05,0.14583333333333334,-0.14583333333333334,0.14583333333333334
alt height,6,0.38095238095238093,0.17430026497795087,2,2026-09-28,2026-10-05,0.14398646590827702,-0.14398646590827702,0.14398646590827702
alt height src,6,0.38095238095238093,0.17430026497795087,2,2026-09-28,2026-10-05,0.14398646590827702,-0.14398646590827702,0.14398646590827702
asked,6,0.38095238095238093,0.17430026497795087,2,2026-09-28,2026-10-05,0.14398646590827702,-0.14398646590827702,0.14398646590827702
