period,Term,Count
2026-08-17,creative,1
2026-08-17,design,3
2026-08-17,design trends,2
2026-08-17,designmodo,2
2026-08-17,discover,1
2026-08-17,explore,1
2026-08-17,img,1
2026-08-17,inside,1
2026-08-17,latest,1
2026-08-17,modern,3
2026-08-17,premium,1
2026-08-17,styles,1
2026-08-17,trends,3
2026-08-17,type,1
2026-08-17,typography,3
2026-08-17,way,1
2026-08-17,works,1
2026-08-24,actually,3
2026-08-24,ask,1
2026-08-24,best,2
2026-08-24,brand,2
2026-08-24,branding,1
2026-08-24,bring,1
2026-08-24,building,1
2026-08-24,change,1
2026-08-24,color,2
2026-08-24,day,1
2026-08-24,decisions,3
2026-08-24,deeper,1
2026-08-24,design,4
2026-08-24,design trends,2
2026-08-24,designs,2
2026-08-24,details,2
2026-08-24,feels,1
2026-08-24,fonts,1
2026-08-24,identity,1
2026-08-24,learned,1
2026-08-24,looks,1
2026-08-24,major,1
2026-08-24,opening,1
2026-08-24,problem,1
2026-08-24,reads,1
2026-08-24,slowly,1
2026-08-24,stop,2
2026-08-24,thinking,1
2026-08-24,time,1
2026-08-24,tool,1
2026-08-24,trends,4
2026-08-24,typography,2
2026-08-24,way,1
2026-08-24,website,6
2026-08-24,websites,1
2026-08-31,better,1
2026-08-31,creative,2
2026-08-31,designers,2
2026-08-31,designs,1
2026-08-31,fix,2
2026-08-31,got,1
2026-08-31,graphic,2
2026-08-31,just,1
2026-08-31,make,1
2026-08-31,new,2
2026-08-31,people,2
2026-08-31,way,1
2026-08-31,welcome,1
2026-09-07,best,2
2026-09-07,build,1
2026-09-07,building,2
2026-09-07,business,2
2026-09-07,button,2
2026-09-07,design,4
2026-09-07,designers,1
2026-09-07,designing,1
2026-09-07,designmodo,2
2026-09-07,evolving,1
2026-09-07,example,1
2026-09-07,explore,1
2026-09-07,free,2
2026-09-07,human,1
2026-09-07,ideas,1
2026-09-07,interface,4
2026-09-07,interfaces,1
2026-09-07,means,1
2026-09-07,strong,1
2026-09-07,survives,2
2026-09-07,web,3
2026-09-07,web design,2
2026-09-14,best,2
2026-09-14,bold,1
2026-09-14,branding,1
2026-09-14,branding rishi,1
2026-09-14,bring,2
2026-09-14,build,2
2026-09-14,business,4
2026-09-14,content,1
2026-09-14,design,24
2026-09-14,design designmodo,8
2026-09-14,design trends,4
2026-09-14,designmodo,12
2026-09-14,designs,1
2026-09-14,developers,5
2026-09-14,different,2
2026-09-14,digital,5
2026-09-14,don,1
2026-09-14,fonts,1
2026-09-14,great,2
2026-09-14,help,3
2026-09-14,helps,2
2026-09-14,idea,1
2026-09-14,ideas,3
2026-09-14,instead,1
2026-09-14,interface,1
2026-09-14,latest,1
2026-09-14,let,1
2026-09-14,life,1
2026-09-14,like,2
2026-09-14,look,1
2026-09-14,major,1
2026-09-14,make,1
2026-09-14,makes,1
2026-09-14,making,1
2026-09-14,material,2
2026-09-14,media,3
2026-09-14,modern,2
2026-09-14,page,3
2026-09-14,polished,1
2026-09-14,prompts,1
2026-09-14,ready,1
2026-09-14,right,3
2026-09-14,rishi,1
2026-09-14,save,1
2026-09-14,scrolling,1
2026-09-14,shorts,1
2026-09-14,single,2
2026-09-14,stop,3
2026-09-14,support,1
2026-09-14,techniques,1
2026-09-14,technology,5
2026-09-14,time,1
2026-09-14,tools,1
2026-09-14,treating,2
2026-09-14,trend,5
2026-09-14,trends,5
2026-09-14,turn,4
2026-09-14,typography,1
2026-09-14,unique,1
2026-09-14,use,1
2026-09-14,user,1
2026-09-14,visual,1
2026-09-14,want,2
2026-09-14,wbms,6
2026-09-14,wbms web,6
2026-09-14,wbms web developers,5
2026-09-14,web,14
2026-09-14,web design,8
2026-09-14,web design trends,2
2026-09-14,web developers,5
2026-09-14,website,5
2026-09-14,website design,5
2026-09-14,websites,1
2026-09-14,world,2
2026-09-21,actually,5
2026-09-21,advanced,3
2026-09-21,alt,20
2026-09-21,alt height,2
2026-09-21,alt height src,2
2026-09-21,ask,1
2026-09-21,best,14
2026-09-21,best websites,7
2026-09-21,better,6
2026-09-21,blockquote,28
2026-09-21,bold,3
2026-09-21,brand,2
2026-09-21,branding,1
2026-09-21,branding rishi,1
2026-09-21,brands,6
2026-09-21,bring,2
2026-09-21,build,7
2026-09-21,building,10
2026-09-21,built,13
2026-09-21,business,7
2026-09-21,button,2
2026-09-21,came,3
2026-09-21,canva,3
2026-09-21,change,3
2026-09-21,check,2
2026-09-21,class,10
2026-09-21,class medium,8
2026-09-21,class medium feed,8
2026-09-21,code,5
2026-09-21,collective,4
2026-09-21,collective div,2
2026-09-21,collective medium,2
2026-09-21,collective medium people,2
2026-09-21,color,7
2026-09-21,come,5
2026-09-21,comes,3
2026-09-21,content,1
2026-09-21,continuing,2
2026-09-21,continuing conversation,2
2026-09-21,continuing conversation highlighting,2
2026-09-21,conversation,6
2026-09-21,conversation highlighting,2
2026-09-21,conversation highlighting responding,2
2026-09-21,coreldraw,4
2026-09-21,course,4
2026-09-21,create,8
2026-09-21,creative,7
2026-09-21,day,1
2026-09-21,days,1
2026-09-21,decisions,2
2026-09-21,deeper,2
2026-09-21,design,53
2026-09-21,design inspiration,4
2026-09-21,design photoshop,1
2026-09-21,design trends,5
2026-09-21,designer,11
2026-09-21,designers,10
2026-09-21,designing,3
2026-09-21,designs,2
2026-09-21,details,1
2026-09-21,did,8
2026-09-21,different,2
2026-09-21,digital,6
2026-09-21,direction,4
2026-09-21,discover,2
2026-09-21,div,4
2026-09-21,div class,2
2026-09-21,div class medium,2
2026-09-21,does,11
2026-09-21,doesn,4
2026-09-21,don,7
2026-09-21,evolving,2
2026-09-21,exactly,12
2026-09-21,example,2
2026-09-21,exciting,2
2026-09-21,experience,6
2026-09-21,explain,4
2026-09-21,explore,3
2026-09-21,fast,3
2026-09-21,feed,8
2026-09-21,feed image,2
2026-09-21,feed image src,2
2026-09-21,feed item,2
2026-09-21,feed item class,2
2026-09-21,feed link,2
2026-09-21,feed link reading,2
2026-09-21,feed snippet,2
2026-09-21,feel,3
2026-09-21,feels,3
2026-09-21,figcaption,36
2026-09-21,figcaption figure,18
2026-09-21,figure,43
2026-09-21,figure img,18
2026-09-21,figure img alt,18
2026-09-21,fine,2
2026-09-21,fix,1
2026-09-21,follow,1
2026-09-21,fonts,8
2026-09-21,free,2
2026-09-21,future,7
2026-09-21,gave,5
2026-09-21,generate,4
2026-09-21,generating,2
2026-09-21,gets,8
2026-09-21,giving,3
2026-09-21,good,8
2026-09-21,got,6
2026-09-21,graphic,18
2026-09-21,graphic design,10
2026-09-21,graphicdesign,4
2026-09-21,great,1
2026-09-21,guide,1
2026-09-21,hand,7
2026-09-21,happens,9
2026-09-21,hard,5
2026-09-21,height,2
2026-09-21,height src,2
2026-09-21,height src width,2
2026-09-21,help,2
2026-09-21,high,5
2026-09-21,highlighting,2
2026-09-21,highlighting responding,2
2026-09-21,highlighting responding story,2
2026-09-21,human,27
2026-09-21,idea,1
2026-09-21,ideas,1
2026-09-21,identity,3
2026-09-21,image,8
2026-09-21,image src,2
2026-09-21,image src width,2
2026-09-21,img,20
2026-09-21,img alt,20
2026-09-21,img alt height,2
2026-09-21,important,1
2026-09-21,inside,2
2026-09-21,inspiration,6
2026-09-21,instead,4
2026-09-21,interfaces,1
2026-09-21,isn,3
2026-09-21,item,2
2026-09-21,item class,2
2026-09-21,item class medium,2
2026-09-21,just,7
2026-09-21,know,11
2026-09-21,latest,1
2026-09-21,learn,8
2026-09-21,learned,8
2026-09-21,let,3
2026-09-21,life,11
2026-09-21,like,16
2026-09-21,line,9
2026-09-21,link,2
2026-09-21,link reading,2
2026-09-21,link reading collective,2
2026-09-21,look,5
2026-09-21,looking,4
2026-09-21,looks,6
2026-09-21,machine,10
2026-09-21,major,1
2026-09-21,make,13
2026-09-21,makes,7
2026-09-21,making,11
2026-09-21,material,1
2026-09-21,means,4
2026-09-21,media,2
2026-09-21,medium,10
2026-09-21,medium feed,8
2026-09-21,medium feed image,2
2026-09-21,medium feed item,2
2026-09-21,medium feed link,2
2026-09-21,medium feed snippet,2
2026-09-21,medium people,2
2026-09-21,medium people continuing,2
2026-09-21,mind,9
2026-09-21,model,9
2026-09-21,models,4
2026-09-21,modern,5
2026-09-21,moment,6
2026-09-21,motion,3
2026-09-21,names,5
2026-09-21,need,5
2026-09-21,new,3
2026-09-21,open,6
2026-09-21,opening,2
2026-09-21,originally,2
2026-09-21,originally published,2
2026-09-21,originally published collective,2
2026-09-21,output,10
2026-09-21,page,4
2026-09-21,patterns,2
2026-09-21,people,18
2026-09-21,people continuing,2
2026-09-21,people continuing conversation,2
2026-09-21,photoshop,1
2026-09-21,point,9
2026-09-21,polished,1
2026-09-21,post,1
2026-09-21,premium,1
2026-09-21,pretty,1
2026-09-21,problem,8
2026-09-21,product,4
2026-09-21,projects,5
2026-09-21,prompt,1
2026-09-21,prompts,4
2026-09-21,published,2
2026-09-21,published collective,2
2026-09-21,published collective medium,2
2026-09-21,question,6
2026-09-21,reading,5
2026-09-21,reading collective,2
2026-09-21,reading collective div,2
2026-09-21,reads,2
2026-09-21,ready,4
2026-09-21,real,19
2026-09-21,resources,1
2026-09-21,responding,2
2026-09-21,responding story,2
2026-09-21,review,5
2026-09-21,right,11
2026-09-21,rishi,1
2026-09-21,said,4
2026-09-21,save,8
2026-09-21,say,5
2026-09-21,screen,8
2026-09-21,scrolling,5
2026-09-21,shorts,3
2026-09-21,single,4
2026-09-21,sites,2
2026-09-21,slowly,2
2026-09-21,snippet,2
2026-09-21,src,22
2026-09-21,src figcaption,18
2026-09-21,src width,4
2026-09-21,src width class,2
2026-09-21,start,5
2026-09-21,started,4
2026-09-21,starting,1
2026-09-21,stop,11
2026-09-21,story,11
2026-09-21,strong,31
2026-09-21,strong figure,3
2026-09-21,strong strong,1
2026-09-21,style,7
2026-09-21,styles,4
2026-09-21,support,4
2026-09-21,survives,3
2026-09-21,systems,9
2026-09-21,takes,9
2026-09-21,taking,2
2026-09-21,team,10
2026-09-21,technology,2
2026-09-21,thing,39
2026-09-21,think,1
2026-09-21,thinking,4
2026-09-21,time,16
2026-09-21,tips,4
2026-09-21,tool,3
2026-09-21,tools,9
2026-09-21,trained,6
2026-09-21,treating,2
2026-09-21,trends,8
2026-09-21,try,4
2026-09-21,turn,3
2026-09-21,turning,2
2026-09-21,type,4
2026-09-21,typography,1
2026-09-21,unique,1
2026-09-21,use,5
2026-09-21,used,4
2026-09-21,user,7
2026-09-21,users,5
2026-09-21,uses,3
2026-09-21,video,4
2026-09-21,visual,6
2026-09-21,want,2
2026-09-21,way,10
2026-09-21,web,7
2026-09-21,web design,7
2026-09-21,web design trends,3
2026-09-21,website,9
2026-09-21,website design,1
2026-09-21,websites,11
2026-09-21,welcome,5
2026-09-21,width,4
2026-09-21,width class,2
2026-09-21,width class medium,2
2026-09-21,work,26
2026-09-21,works,4
2026-09-21,world,5
2026-09-21,writing,5
2026-09-21,wrong,12
2026-09-21,years,7
2026-09-28,actually,2
2026-09-28,advanced,2
2026-09-28,alt,22
2026-09-28,alt height,2
2026-09-28,alt height src,2
2026-09-28,ask,2
2026-09-28,best,1
2026-09-28,better,1
2026-09-28,blockquote,8
2026-09-28,bold,1
2026-09-28,brand,3
2026-09-28,branding,2
2026-09-28,branding rishi,1
2026-09-28,build,1
2026-09-28,built,3
2026-09-28,button,1
2026-09-28,came,1
2026-09-28,canva,1
2026-09-28,check,2
2026-09-28,class,16
2026-09-28,class medium,16
2026-09-28,class medium feed,16
2026-09-28,code,1
2026-09-28,collective,7
2026-09-28,collective div,4
2026-09-28,collective medium,2
2026-09-28,collective medium people,2
2026-09-28,color,3
2026-09-28,come,1
2026-09-28,comes,2
2026-09-28,content,2
2026-09-28,continuing,2
2026-09-28,continuing conversation,2
2026-09-28,continuing conversation highlighting,2
2026-09-28,conversation,2
2026-09-28,conversation highlighting,2
2026-09-28,conversation highlighting responding,2
2026-09-28,coreldraw,2
2026-09-28,course,3
2026-09-28,create,4
2026-09-28,creative,3
2026-09-28,day,1
2026-09-28,days,3
2026-09-28,decisions,1
2026-09-28,deeper,1
2026-09-28,design,54
2026-09-28,design inspiration,1
2026-09-28,design photoshop,2
2026-09-28,design trends,4
2026-09-28,designer,8
2026-09-28,designers,8
2026-09-28,designing,5
2026-09-28,designs,6
2026-09-28,details,2
2026-09-28,did,1
2026-09-28,different,1
2026-09-28,digital,4
2026-09-28,direction,1
2026-09-28,div,8
2026-09-28,div class,4
2026-09-28,div class medium,4
2026-09-28,does,2
2026-09-28,doesn,1
2026-09-28,don,5
2026-09-28,exactly,4
2026-09-28,example,1
2026-09-28,exciting,1
2026-09-28,explain,2
2026-09-28,fast,1
2026-09-28,feed,16
2026-09-28,feed image,4
2026-09-28,feed image src,4
2026-09-28,feed item,4
2026-09-28,feed item class,4
2026-09-28,feed link,4
2026-09-28,feed link reading,4
2026-09-28,feed snippet,4
2026-09-28,feel,8
2026-09-28,feels,1
2026-09-28,figcaption,26
2026-09-28,figcaption figure,13
2026-09-28,figure,40
2026-09-28,figure img,15
2026-09-28,figure img alt,15
2026-09-28,fine,1
2026-09-28,fix,3
2026-09-28,follow,2
2026-09-28,fonts,2
2026-09-28,free,2
2026-09-28,future,1
2026-09-28,gave,1
2026-09-28,generating,1
2026-09-28,giving,1
2026-09-28,good,4
2026-09-28,graphic,3
2026-09-28,graphic design,3
2026-09-28,great,3
2026-09-28,guide,6
2026-09-28,hand,3
2026-09-28,happens,4
2026-09-28,hard,1
2026-09-28,height,2
2026-09-28,height src,2
2026-09-28,height src width,2
2026-09-28,help,2
2026-09-28,helps,1
2026-09-28,high,1
2026-09-28,highlighting,3
2026-09-28,highlighting responding,2
2026-09-28,highlighting responding story,2
2026-09-28,human,3
2026-09-28,idea,1
2026-09-28,ideas,2
2026-09-28,image,9
2026-09-28,image src,4
2026-09-28,image src width,4
2026-09-28,img,16
2026-09-28,img alt,16
2026-09-28,img alt height,1
2026-09-28,important,2
2026-09-28,inspiration,3
2026-09-28,instead,1
2026-09-28,interface,2
2026-09-28,interfaces,1
2026-09-28,isn,3
2026-09-28,item,4
2026-09-28,item class,4
2026-09-28,item class medium,4
2026-09-28,just,10
2026-09-28,know,4
2026-09-28,learn,5
2026-09-28,let,5
2026-09-28,life,1
2026-09-28,like,20
2026-09-28,line,1
2026-09-28,link,4
2026-09-28,link reading,4
2026-09-28,link reading collective,4
2026-09-28,look,10
2026-09-28,looking,2
2026-09-28,looks,6
2026-09-28,machine,2
2026-09-28,make,10
2026-09-28,makes,2
2026-09-28,material,1
2026-09-28,media,3
2026-09-28,medium,18
2026-09-28,medium feed,16
2026-09-28,medium feed image,4
2026-09-28,medium feed item,4
2026-09-28,medium feed link,4
2026-09-28,medium feed snippet,4
2026-09-28,medium people,2
2026-09-28,medium people continuing,2
2026-09-28,model,1
2026-09-28,models,1
2026-09-28,modern,3
2026-09-28,moment,1
2026-09-28,need,5
2026-09-28,new,1
2026-09-28,open,2
2026-09-28,opening,1
2026-09-28,originally,2
2026-09-28,originally published,2
2026-09-28,originally published collective,2
2026-09-28,output,2
2026-09-28,page,1
2026-09-28,patterns,3
2026-09-28,people,5
2026-09-28,people continuing,2
2026-09-28,people continuing conversation,2
2026-09-28,photoshop,2
2026-09-28,point,2
2026-09-28,polished,1
2026-09-28,post,4
2026-09-28,premium,1
2026-09-28,pretty,6
2026-09-28,problem,6
2026-09-28,product,5
2026-09-28,projects,1
2026-09-28,prompt,13
2026-09-28,published,2
2026-09-28,published collective,2
2026-09-28,published collective medium,2
2026-09-28,question,1
2026-09-28,reading,4
2026-09-28,reading collective,4
2026-09-28,reading collective div,4
2026-09-28,ready,1
2026-09-28,real,6
2026-09-28,resources,3
2026-09-28,responding,2
2026-09-28,responding story,2
2026-09-28,review,2
2026-09-28,right,3
2026-09-28,rishi,1
2026-09-28,said,1
2026-09-28,say,2
2026-09-28,screen,2
2026-09-28,shorts,3
2026-09-28,single,1
2026-09-28,sites,1
2026-09-28,snippet,4
2026-09-28,src,26
2026-09-28,src figcaption,13
2026-09-28,src width,6
2026-09-28,src width class,4
2026-09-28,start,2
2026-09-28,started,3
2026-09-28,starting,3
2026-09-28,story,3
2026-09-28,strong,89
2026-09-28,strong figure,4
2026-09-28,strong strong,29
2026-09-28,style,4
2026-09-28,styles,4
2026-09-28,support,3
2026-09-28,systems,2
2026-09-28,takes,1
2026-09-28,taking,2
2026-09-28,techniques,2
2026-09-28,technology,3
2026-09-28,thing,2
2026-09-28,think,6
2026-09-28,thinking,1
2026-09-28,time,6
2026-09-28,tips,2
2026-09-28,tool,1
2026-09-28,trained,1
2026-09-28,treating,1
2026-09-28,trends,5
2026-09-28,try,1
2026-09-28,turning,1
2026-09-28,unique,2
2026-09-28,use,5
2026-09-28,used,2
2026-09-28,user,1
2026-09-28,users,4
2026-09-28,uses,1
2026-09-28,video,5
2026-09-28,visual,2
2026-09-28,want,14
2026-09-28,way,8
2026-09-28,web,3
2026-09-28,web design,3
2026-09-28,web design trends,2
2026-09-28,website,9
2026-09-28,website design,2
2026-09-28,welcome,1
2026-09-28,width,6
2026-09-28,width class,4
2026-09-28,width class medium,4
2026-09-28,work,7
2026-09-28,world,3
2026-09-28,writing,1
2026-09-28,wrong,2
2026-09-28,years,1
