source,query,domain,url,created_utc,title,text
gnews,graphic design trend,news.google.com,https://news.google.com/rss/articles/CBMigwFBVV95cUxPMEV6bGs5RWtjcmZ3ZERUVGlSMXVRbnZaNEhmT0ItSGYtVkpMY1JmUURJaWtKN3oxTzNkdGZVTnZkeGpQLVVpT1pla1dtLUctNVF6NG5YbzZVRFg1NEZpTFU3dXVoRVFsdEhVdnBlUjc0Mnp1VzJ4ZXlaZnlqd2tac09SWQ?oc=5,1790578800,8 Key Graphic Design Trends for 2027 - ePHOTOzine,8 Key Graphic Design Trends for 2027 - ePHOTOzine
gnews,graphic design trend,news.google.com,https://news.google.com/rss/articles/CBMiUkFVX3lxTE5zN1p6RWh0OWw2WnQ5SEZEaEtETDRESmpBTzBJODIxODhsZVlOT0N1NF9jVXdrb1JRVGxzNnJRMFdTWmRhQ3VOM1ZlbmJkdG5xanc?oc=5,1790146800,7 Logo Trends for 2026: Logo Design Inspiration - Shopify,7 Logo Trends for 2026: Logo Design Inspiration - Shopify
gnews,graphic design trend,news.google.com,https://news.google.com/rss/articles/CBMiswFBVV95cUxQUklwekZxTXJqMkhldVo2YVJvSnNCcUU0OW12TWhjc0ZOMVA5dFR0MHNXcTlJSzVTbmFiR2puRC1YVzZOWGdodno4TkNtcWlqb3BSZXRUNXJFNnpGbUw5dGQ1ZzJ6UDIzVTNXd1FyeEwydUl6QkZVYWlUWlFwak5oVHFMN3JWQVNaNlp0Sk1rUjJyR1Y4QUJSaEtjY01HRjRzSGN6ODZlQ1dXNlp1VmxEc3Rzaw?oc=5,1788159600,Graphic designers are trying to fix people's terrible AI flyers - Creative Bloq,Graphic designers are trying to fix people's terrible AI flyers - Creative Bloq
gnews,web design trend,news.google.com,https://news.google.com/rss/articles/CBMiU0FVX3lxTE54RHFOT1NzV2JjN3Bta00wS0U4UXRlNzcxb2hZN0FJZVUxcU41Y2o0aUlWZDF6c1BkWlJmc0VjMjhDUUE5WUN4N2dTUzhremNlT3Fn?oc=5,1789369200,Top Web Design Trends for 2026 - Designmodo,Top Web Design Trends for 2026 - Designmodo
gnews,web design trend,news.google.com,https://news.google.com/rss/articles/CBMivgFBVV95cUxOV1JlaGpLejJENnB5RFpRMUxRaHd4Vy1YLVZ4THNUNzBCd1dZSUFXakQwUEdfeW9qcnFPei1xeHo1RWRIWjJRTk85WmxwUW51YXhEZUZCcGgyNTFBUXppMm4xN0xaUGVFY3h1RXJoR05nUkdSZndOSjVzUnY5T0ZfdDNFVUR5LUNHc3JadWZXcHU4TVM2Y3JvM1BQUGpLZ3ZEaFplZHozUUdiSTJRRk1fQTNqVDdVZTlWX0d6NkZn?oc=5,1787814000,"WFH Office Design Trends, Part 1: Color, Architectural Details, Layers - Forbes","WFH Office Design Trends, Part 1: Color, Architectural Details, Layers - Forbes"
gnews,web design trend,news.google.com,https://news.google.com/rss/articles/CBMiWkFVX3lxTE40UU00VzlvX0tPdGx1bVBJbG9iNFl6b05JUXRabjZuc21KVTN3NHlhX2YwUTFPQWpwWlJaQXcwRks2UHM2azg4YTNybEsyVk1EaFNoRGVGVHZvZw?oc=5,1789455600,Duotone – Fresh Trend in Website Design - Designmodo,Duotone – Fresh Trend in Website Design - Designmodo
gnews,web design trend,news.google.com,https://news.google.com/rss/articles/CBMiUkFVX3lxTE5tVklZRFN3X193WkZvUmN3UVBRdVo3NUJCZ2lHRHhVQ2FVY3dCUXdFcUZGRnJ5TE5mUjM3aVVKcmF6UTlZZlhEWW5VS1lLSUpCWmc?oc=5,1789369200,Flat Design vs. Material Design: How Are They Different? - Designmodo,Flat Design vs. Material Design: How Are They Different? - Designmodo
gnews,web design trend,news.google.com,https://news.google.com/rss/articles/CBMiVkFVX3lxTE1Rc1hfYTA4YVlRNUR3WE1QVXF5VWNSZU80ZUdZZkJtem1jZUVFSkh5TnBkeDNLQV9tTmF5cUtteldtbjJiU3doSzd0NmN6N1h1UV83eHRB?oc=5,1789455600,Modern Take on Patterned Backgrounds in Web Design - Designmodo,Modern Take on Patterned Backgrounds in Web Design - Designmodo
gnews,web design trend,news.google.com,https://news.google.com/rss/articles/CBMiW0FVX3lxTE41cEUwRG5LQ2V6WUdTUUhVUHktN3pYb2VJWFVrd0FHM3B2X1luT0NxTXF1RTFhUHl4ams1Skc5OVRibUlIQTJaRXI3bXJtREZpanYxcHhEWFRZSUk?oc=5,1789369200,5 Best Practices for Single-Page UX Design - Designmodo,5 Best Practices for Single-Page UX Design - Designmodo
gnews,web design trend,news.google.com,https://news.google.com/rss/articles/CBMiT0FVX3lxTE1HV2ppY1oySC1FZEM0S1h3QXkzMlUxYS1KV2JrVTNnZ0RlcEw4QjQ5YThRZFkyc0hBdDhRU280a3k0b182bndjZXFvMUlVQkk?oc=5,1789110000,Tabbed Widgets in Web Design: UI Examples & Free Plugins - Designmodo,Tabbed Widgets in Web Design: UI Examples & Free Plugins - Designmodo
gnews,web design trend,news.google.com,https://news.google.com/rss/articles/CBMiXkFVX3lxTE5lajVPUlRYdmhfd3VFakhQd1dwWXFjeW8tR0NyYW8yM195WDA0SU4yNXdHNjVSMTdYZFNDaFhJMkluUFdXbnYtWm5ETFNJQTFTa3d0anpGTkp6cmg0VWc?oc=5,1789455600,Globes and Spheres – 3D Circles in Web Design - Designmodo,Globes and Spheres – 3D Circles in Web Design - Designmodo
gnews,typography trend,news.google.com,https://news.google.com/rss/articles/CBMiUkFVX3lxTE5zN1p6RWh0OWw2WnQ5SEZEaEtETDRESmpBTzBJODIxODhsZVlOT0N1NF9jVXdrb1JRVGxzNnJRMFdTWmRhQ3VOM1ZlbmJkdG5xanc?oc=5,1790146800,7 Logo Trends for 2026: Logo Design Inspiration - Shopify,7 Logo Trends for 2026: Logo Design Inspiration - Shopify
