source,domain,url,created_utc,title,text,query
rss,www.nytimes.com,https://www.nytimes.com/2026/09/03/style/black-cookout-joy-tradition.html,1788408025,Keeping the Cookout Going,"Keeping the Cookout Going

Black barbecues have long offered a joyful, safe space for attendees. A new generation is determined to keep the fires burning.",
rss,www.nytimes.com,https://www.nytimes.com/2026/10/05/style/sheer-black-stockings-trend.html,1791191023,Should I Be Wearing Sheer Black Stockings?,"Should I Be Wearing Sheer Black Stockings?

A reader questions the longevity of a trend.",
rss,www.nytimes.com,https://www.nytimes.com/2026/10/05/style/spy-magazine-donald-trump-substack.html,1791209172,"Do You Miss Spy Magazine? For One Month, It’s Back.","Do You Miss Spy Magazine? For One Month, It’s Back.

To celebrate the 40th anniversary of its first issue, the long-defunct satirical monthly is resurfacing vintage articles about Trump on Substack.",
rss,www.nytimes.com,https://www.nytimes.com/2026/10/05/style/miu-miu-bra-tops-pfw.html,1791184686,"Review: Miu Miu, Jean Paul Gaultier, Valentino, Hermès, Loewe","Review: Miu Miu, Jean Paul Gaultier, Valentino, Hermès, Loewe

At Miu Miu, Miuccia Prada puts on her trend-forecasting glasses, and calls it.",
rss,www.nytimes.com,https://www.nytimes.com/video/style/100000011131914/the-most-glamorous-show-at-paris-fashion-week.html,1791195772,The Most Glamorous Show at Paris Fashion Week,"The Most Glamorous Show at Paris Fashion Week

At Michael Rider’s latest Celine show, unexpected proportions, belts and styling choices pointed to a more effortless idea of glamour. Vanessa Friedman, chief fashion critic for The Times, explains.",
rss,www.nytimes.com,https://www.nytimes.com/2026/10/04/style/paris-fashion-week-michael-rider.html,1791130092,Trust the Thing That Moves You,"Trust the Thing That Moves You

Michael Rider is the anointed designer. How do you know you’re not just falling for the hype?",
rss,www.nytimes.com,https://www.nytimes.com/2026/10/04/style/celine-michael-rider-paris-fashion-week.html,1791099688,"Paris Review: Celine, Dries Van Noten, Comme des Garçons","Paris Review: Celine, Dries Van Noten, Comme des Garçons

A triumph at Celine, movie stars at Dries Van Noten and … Comme des Garçons jeans? Believe it.",
rss,www.nytimes.com,https://www.nytimes.com/2026/10/03/style/anand-giridharadas-man-in-the-mirror.html,1791223512,"Anand Giridharadas on “Man in the Mirror,” and a Tragic Day on the Subway","Anand Giridharadas on “Man in the Mirror,” and a Tragic Day on the Subway

Anand Giridharadas has written about the global elite and political persuasion. His new book explores a fatal encounter on the F train.",
rss,www.nytimes.com,https://www.nytimes.com/2026/10/03/style/em-j-staples-tiktok-matchmaker-pen-pals.html,1791213965,The Very Online Push for Pen Pals,"The Very Online Push for Pen Pals

Pen pals — ones you’ve never met in person — are part of the revival of all things analog. There are even matchmakers prepared to find you one.",
rss,www.nytimes.com,https://www.nytimes.com/2026/10/03/style/will-coley-listenwithus-wedding-podcast.html,1791018038,ListenWithUs Helps Couples Turn Their Weddings Into Podcasts,"ListenWithUs Helps Couples Turn Their Weddings Into Podcasts

Will Coley will spend hours chronicling a couple’s relationship, both as a “promo of sorts” to their wedding, and as an artifact of their connection.",
rss,www.nytimes.com,https://www.nytimes.com/2026/10/03/style/dior-margiela-givenchy-pfw.html,1791103696,"Paris Reviews: Dior, Maison Margiela, Givenchy","Paris Reviews: Dior, Maison Margiela, Givenchy

Playing with perception at Dior, Maison Margiela and Givenchy (among others).",
rss,www.nytimes.com,https://www.nytimes.com/video/style/100000011131904/tom-ford-is-naked-that-sexy.html,1791147517,Tom Ford: Is Naked That Sexy?,"Tom Ford: Is Naked That Sexy?

The naked dressing trend was top of mind for The Times’s chief fashion critic, Vanessa Friedman, at a recent Tom Ford runway presentation in Paris. It was the suggestion of nudity that left her wanting more.",
rss,www.nytimes.com,https://www.nytimes.com/2026/10/02/style/paris-fashion-week-belts.html,1791129256,Why Belts Are the ‘It’ Accessory,"Why Belts Are the ‘It’ Accessory

A bit of fashion that serves more than one need.",
rss,www.nytimes.com,https://www.nytimes.com/2026/10/02/style/new-york-city-ballet-fall-fashion-gala.html,1791217105,"At New York City Ballet’s Fall Gala, Sarah Jessica Parker and Steve Nicks Bring the Fairy Dust","At New York City Ballet’s Fall Gala, Sarah Jessica Parker and Steve Nicks Bring the Fairy Dust

There were cascading ribbons, a flower crown and a “Landslide”-inspired performance at the New York City Ballet’s annual fall fashion gala.",
rss,www.nytimes.com,https://www.nytimes.com/2026/10/02/style/chloe-balenciaga-pfw.html,1790929282,Paris Review: Chloé and Balenciaga,"Paris Review: Chloé and Balenciaga

Big questions hang over both brands.",
rss,www.nytimes.com,https://www.nytimes.com/2026/10/02/style/tom-ford-haider-ackermann-naked-dressing.html,1790977798,Review: Tom Ford and the Problem of ‘Sexy’,"Review: Tom Ford and the Problem of ‘Sexy’

In an age of naked dressing, what does titillation look like?",
rss,www.nytimes.com,https://www.nytimes.com/2026/10/02/style/modern-love-i-wanted-to-be-a-good-mormon-but-i-was-gay.html,1790913641,Nothing Could Purify Me After What I’d Done,"Nothing Could Purify Me After What I’d Done

Not showering, not praying, not even drinking bleach.",
rss,www.nytimes.com,https://www.nytimes.com/2026/10/02/style/skyla-welsch-andrew-shaternik-wedding.html,1790961191,"As the Nor’easter Moved In, Their Wedding Plans Changed Course","As the Nor’easter Moved In, Their Wedding Plans Changed Course

“People who weren’t even invited to the wedding ended up helping us,” said Skyla Welsch, who married Andrew Shaternik in Montauk, N.Y.",
rss,www.nytimes.com,https://www.nytimes.com/2026/10/02/style/isabel-klee-jacob-zerhusen-wedding.html,1790913633,Her Famous Dog Helped Them Meet. They Went on to Foster 31 More.,"Her Famous Dog Helped Them Meet. They Went on to Foster 31 More.

Isabel Klee and Jacob Zerhusen built a life together around their love of dogs, including Simon, whose memory was woven into their wedding.",
rss,www.nytimes.com,https://www.nytimes.com/2026/10/02/style/jacqueline-heath-matthew-swain-wedding.html,1790913627,A Very Specific Martini Order Leads to Something More,"A Very Specific Martini Order Leads to Something More

Jacqueline Heath wowed Matthew Swain with her ambition and smarts. After meeting through work, business soon turned to pleasure.",
rss,www.nytimes.com,https://www.nytimes.com/2026/10/02/style/tom-dolby-spencer-alcorn-wedding.html,1790954199,Tom Dolby and Spencer Alcorn Marry at Lake Tahoe,"Tom Dolby and Spencer Alcorn Marry at Lake Tahoe

Tom Dolby, whose father created the sound system, and Spencer Alcorn, a seventh-generation Californian, lead a cinematically stylish life.",
rss,www.nytimes.com,https://www.nytimes.com/2026/10/02/style/katie-dolan-devon-flynnperrault-wedding.html,1790913619,She Dressed for a Funeral. It Was Actually Her Engagement.,"She Dressed for a Funeral. It Was Actually Her Engagement.

On Halloween night, Katie Dolan ventured to a karaoke bar alone. She left with the phone number of her future husband, Devon Flynnperrault.",
rss,www.nytimes.com,https://www.nytimes.com/2026/10/02/style/francesca-carington-sean-maloney-wedding.html,1790913611,A Return to England and the Church Where She Wanted to Marry,"A Return to England and the Church Where She Wanted to Marry

Francesca Carington knew she would eventually move back to London. Then she met Sean Maloney, and he came along, too.",
rss,www.nytimes.com,https://www.nytimes.com/2026/10/01/style/halloween-costume-ideas.html,1790899211,Halloween Costume Ideas That Scream 2026,"Halloween Costume Ideas That Scream 2026

Options for couples, groups and anyone who has always wanted a reason to dress like a famous sheep.",
rss,www.nytimes.com,https://www.nytimes.com/video/style/100000011131872/matieres-fecales-thrilling-but-derivative.html,1790936534,Matières Fécales: Thrilling but Derivative,"Matières Fécales: Thrilling but Derivative

Vanessa Friedman, our chief fashion critic, reviews the Matières Fécales show at Paris Fashion Week. The show made a statement, but did the fashion?",
rss,www.nytimes.com,https://www.nytimes.com/2026/10/01/style/gustavo-dudamel-new-york-philharmonic.html,1790865623,"Steven Spielberg, Alec Baldwin and Gov. Kathy Hochul Turn Out for Dudamel","Steven Spielberg, Alec Baldwin and Gov. Kathy Hochul Turn Out for Dudamel

“I’m so happy here. Honestly,” Gustavo Dudamel, the superstar conductor, said at the New York Philharmonic’s season-opening gala on Wednesday.",
rss,www.nytimes.com,https://www.nytimes.com/2026/10/01/style/modern-love-we-want-your-best-breakup-lines.html,1790845609,We Want Your Best Breakup Lines,"We Want Your Best Breakup Lines

For a special Modern Love project, we’re looking for your most unforgettable lines from a breakup — kind, bizarre, profound, haunting or funny — either delivered or received.",
rss,www.nytimes.com,https://www.nytimes.com/2026/10/01/style/halo-stone-kite-ai-apocalypse.html,1791233643,"From Jason Jones, the ‘Halo’ Mastermind, an A.I. Apocalypse and a New Company","From Jason Jones, the ‘Halo’ Mastermind, an A.I. Apocalypse and a New Company

Jason Jones, the reclusive video game designer behind beloved franchises, wrote a novel about killer robots. Now the story is the basis for an ambitious new entertainment venture.",
rss,www.nytimes.com,https://www.nytimes.com/2026/10/01/style/autumn-sonata-showroom-lili-elias.html,1790845278,"Autumn Sonata, a Linen Brand That Asks: Can a Bathmat Be Chic?","Autumn Sonata, a Linen Brand That Asks: Can a Bathmat Be Chic?

However pretty the print, you can’t use an antique tapestry to dry off. The bathroom linen brand Autumn Sonata has figured this out.",
rss,www.nytimes.com,https://www.nytimes.com/2026/10/01/style/wicker-hollywood-horror-halloween-monsters.html,1790882330,"From ‘Wicker’ to ‘Frankenstein,’ Why Hollywood Can’t Get Enough of Hot Monsters","From ‘Wicker’ to ‘Frankenstein,’ Why Hollywood Can’t Get Enough of Hot Monsters

For actors like Alexander Skarsgard, Jacob Elordi and Demi Moore, hiding movie-star good looks beneath prosthetics and creature makeup may be the ultimate flex.",
rss,www.nytimes.com,https://www.nytimes.com/2026/10/01/style/sensuality-and-skin-the-milan-way.html,1790871829,Sensuality and Skin at Milan Fashion Week,"Sensuality and Skin at Milan Fashion Week

Unbuttoned shirts rippled in the breeze and bare chests soaked in the sun at a louche fashion week.",
rss,www.nytimes.com,https://www.nytimes.com/2026/10/01/style/john-galliano-zara.html,1790880758,Review: John Galliano’s New Collection for Zara,"Review: John Galliano’s New Collection for Zara

Assessing the designer’s new collection for Zara, unveiled in the shadow of the Met debacle.",
rss,www.nytimes.com,https://www.nytimes.com/2026/09/30/style/paris-fashion-week-provocative.html,1790794196,Is Anything Provocative Anymore?,"Is Anything Provocative Anymore?

Searching for the subversive, surprising and even shocking in fashion.",
rss,www.nytimes.com,https://www.nytimes.com/2026/09/30/style/tiny-modern-love-stories-close-your-eyes.html,1790790018,Tiny Love Stories: ‘Close Your Eyes’,"Tiny Love Stories: ‘Close Your Eyes’

Modern Love in miniature, featuring reader-submitted stories of no more than 100 words.",
rss,www.nytimes.com,https://www.nytimes.com/2026/09/30/style/planning-schedule-coordination-inconsideration.html,1790773203,My Sister-in-Law Schedules Events Without Clearing the Dates With Us. Help!,"My Sister-in-Law Schedules Events Without Clearing the Dates With Us. Help!

A reader sees her husband’s sister’s go-it-alone approach to planning parties as a “power move,” leaving her fuming and scrambling to change plans.",
rss,www.nytimes.com,https://www.nytimes.com/2026/09/30/style/ivy-wolk-broadway-debut.html,1790874640,Ivy Wolk Is Everywhere. That Bugs Some People.,"Ivy Wolk Is Everywhere. That Bugs Some People.

Ivy Wolk can be kind of a lot. If you lived her life, you might be too.",
rss,www.nytimes.com,https://www.nytimes.com/2026/09/30/style/breakroom-chronicles-lipsync-lunchladies-instagram.html,1790887061,"On Breakroom Chronicles, Safeway Workers Serve Nostalgia During Their Lunch Break","On Breakroom Chronicles, Safeway Workers Serve Nostalgia During Their Lunch Break

The viral social media account Breakroom Chronicles, created by two Safeway employees who lip-sync ’80s and ’90s pop favorites, is bringing campy joy to millions.",
rss,www.nytimes.com,https://www.nytimes.com/2026/09/30/style/saint-laurent-anthony-vaccarello-final-show.html,1790753386,Review: Anthony Vaccarello’s Maybe Last Saint Laurent Show,"Review: Anthony Vaccarello’s Maybe Last Saint Laurent Show

Anthony Vaccarello’s likely last show was a golden summation of his tenure.",
rss,www.nytimes.com,https://www.nytimes.com/2026/09/29/style/fat-bear-week-winner.html,1790784138,Alaska’s Fat Bear Week Winner Is 89 Backpack,"Alaska’s Fat Bear Week Winner Is 89 Backpack

Alaska’s Fat Bear Week finds its newest champion in a bear that overcame an injury in 2007 that nearly killed him.",
rss,www.nytimes.com,https://www.nytimes.com/2026/09/29/style/street-style-look-1970s-vintage-jackson-5.html,1790686802,Street Style Look of the Week: Channeling Michael,"Street Style Look of the Week: Channeling Michael

Three friends turned out for a Brooklyn block party in celebration of what would have been Michael Jackson’s 68th birthday wearing their Jackson 5 finest.",
rss,www.nytimes.com,https://www.nytimes.com/2026/09/29/style/irving-penn-photography-american-vogue.html,1790672496,"Irving Penn, Before and After","Irving Penn, Before and After

“Penn & Fashion” traces Irving Penn’s fashion and beauty photography over more than six decades.",
rss,www.nytimes.com,https://www.nytimes.com/2026/09/29/style/larp-slang-meaning-tiktok.html,1790710766,"How LARPing, a Gaming Term, Became a Word for Posers","How LARPing, a Gaming Term, Became a Word for Posers

Live-action role playing was associated with games like Dungeons & Dragons. Now, it’s a way to call someone out for being inauthentic.",
rss,www.nytimes.com,https://www.nytimes.com/2026/09/29/style/hypnotherapy-hypnosis-jim-curtis.html,1790959347,Why Are We Becoming So Entranced by Hypnotherapy?,"Why Are We Becoming So Entranced by Hypnotherapy?

Once considered a fringe practice, hypnotherapy is entering the mainstream, being offered at spas and even administered to treat depression and addiction. Why are we so entranced by it?",
rss,www.nytimes.com,https://www.nytimes.com/2026/09/29/style/matieres-fecales-ninety-nine-percent-show-pfw.html,1790665761,Review: Matières Fécales’ Parisian Fashion Dream,"Review: Matières Fécales’ Parisian Fashion Dream

Pregnant women, bodybuilders, punks, family — a heartfelt Matières Fécales show jolts Paris Fashion Week. But what about the clothes?",
gnews,news.google.com,https://news.google.com/rss/articles/CBMic0FVX3lxTE02Umh0TGlMQ0RlWkc0RVFBRm81a1N3NnFGWlEzTGt6NUFNQ3A4d0p4ZkVWdVQ5TWZRZDVsRy1Cci1iYUk1VzkzZEo1T3dqSjY1S3RZbzk1WTJCZTY0ZUFNNEhZTmxPSnhzLW1OMmpqQUVoZWM?oc=5,1791061200,I Saw Fall's Most-Wanted Jacket Everywhere in Paris—Here's How Cool Girls Are Wearing It - Who What Wear,I Saw Fall's Most-Wanted Jacket Everywhere in Paris—Here's How Cool Girls Are Wearing It - Who What Wear,fashion trend
gnews,news.google.com,https://news.google.com/rss/articles/CBMigAFBVV95cUxOcWhJQ0xocHlLeTlFYUUzWHJTeG9jcVMwb0R3eG9DUC1IbVhVSmNBd1RJRDVuazBEVDhkcWZoVUhPWUk1Y3M0aTUzbjh5Z0twaGNEczN3Z2JjYWdtcjdjejVKaVBQUUtFS1J5cElOOXNXcWl5aE5xNTl5Zm5ha19xeQ?oc=5,1790943090,Balletcore Isn’t Going Anywhere: It’s Evolving - ELLE,Balletcore Isn’t Going Anywhere: It’s Evolving - ELLE,fashion trend
gnews,news.google.com,https://news.google.com/rss/articles/CBMikwFBVV95cUxPWXpqSnFYSmFrUlRhakhqajlSTzlZUy1mSnZEZDlhVFNVSTJaNGFlY2ZJZmtvUW9mTzZGZFM2VzRiYTJQOUFpdlB0QVBFWFhmVmRmSW4tZjdLTkhOM0QxT0NUWnB2ZWw2UXpja1JrU3IzMUpZU0NNWkQ4MDFUazBrT1o4ek1CcjVQX1ZldnhyX2tsTUE?oc=5,1791228861,I’m Surprised This Fashion Month Trend Turned My Head—3 Styles I’d Buy Now - marieclaire.com,I’m Surprised This Fashion Month Trend Turned My Head—3 Styles I’d Buy Now - marieclaire.com,fashion trend
gnews,news.google.com,https://news.google.com/rss/articles/CBMiiwFBVV95cUxOb0d2VWIxVHFGZzBIZ3VYZmp2MWdKVThqX0pQanVmLXJFQkZJaUs5NnNuWkJyTEpRNW1LaTNxbFJ6UE1OQ19lNkhsajFDVzdxWDhyM2xTVnRnVzF0dTNOZzA5amxuTHJ5NktHekRUbzlJQ1FEaUwyVGVvdG83Zm5Ndjg4RWxLY2xNZng0?oc=5,1791239406,The Unexpected Boot Trend Fashion Girls Are Wearing Everywhere This Fall - ELLE,The Unexpected Boot Trend Fashion Girls Are Wearing Everywhere This Fall - ELLE,fashion trend
gnews,news.google.com,https://news.google.com/rss/articles/CBMimAFBVV95cUxQZkJJZk1LTGE2WTdMbDFHTEVCVndkRW5CVlo5RWY0Q1dxM1FsME82ZEY2dUtMZUhXWlZWbHVlUmY3UzBnVUozVHkyRF9ISU1WWG9EY0ZqeVpVdnBJdU1zVl9oa1VTUE1ubGxoVjR6WHpYMV9hQkZ2d1BfZ29kSGVHX2JXck00dkY4NWdCOE5hTGluM2pWOGtEMw?oc=5,1791240660,"Fashion fans thought viral outfit videos were real, then learned the looks were AI fakes - The Cool Down","Fashion fans thought viral outfit videos were real, then learned the looks were AI fakes - The Cool Down",fashion trend
gnews,news.google.com,https://news.google.com/rss/articles/CBMid0FVX3lxTE9ZNFZOYjJxNEhrUmRWeEJEWERUZ0dfZ29ZaEhtemVPZlk3cGF4ZWhKcXA1ODRER2ZHUVB5OUpqUjBYUG9ldTFpcENMY2pmdXhlaDBWMVdYaGZlbWY2dHFBWlVhY0RqRFY5TEZhbVFqYXlKWGhsT2Fz?oc=5,1791181800,The Chicest Women in Any Room Are Wearing This Elegant Yet Very Cool Trend - Who What Wear,The Chicest Women in Any Room Are Wearing This Elegant Yet Very Cool Trend - Who What Wear,fashion trend
gnews,news.google.com,https://news.google.com/rss/articles/CBMirAFBVV95cUxQTVFZNFM5ZDQ4b2t0SzNYUTZ2cEU0d3FwdmdXRTZpYm91aHhSM0I0WFVUSXRnSFdrRUNudEMyeGRYeGlIWW94U1VJRjFfTzFvR2ctWnF1Zi1HVlJwVDZ3ZVh3Q1lHMnlLS2VNSEt5N2Ztal9FaXNlWW1LT2d0MEFTVmdiU1JmeklfWVJnSGRfRTJVWnVram1neDdTVEVIMnlaRXZGaHIwM1hweFlu?oc=5,1791234000,A Personal Shopper Says These 4 Trends Aren’t Worth the Money—Plus the Timeless Styles to Buy Instead - Travel + Leisure,A Personal Shopper Says These 4 Trends Aren’t Worth the Money—Plus the Timeless Styles to Buy Instead - Travel + Leisure,fashion trend
gnews,news.google.com,https://news.google.com/rss/articles/CBMilgFBVV95cUxPb251bzJWd1h2RDNsZmZYRkhWcVZ2NWMtWGhwbUtsVHVCRnNjZG1sRTZ0RHl2Xy0tZmpiME5Ca0ljdTZpNlBzWm5SdUJzc1pLYnY0Um5ZRWoxbFB6cHRDUi10U0p5V0Z5WnozNEJOOWRsYVVMbWdpdUZPNTI3cXNWdGRRdk9vTjhqeU55QzVCbXNYNlNTUVE?oc=5,1791240075,I Thought I Dressed Well Until I Got to Paris—Here Are the 5 Swaps I'm Making - Cosmopolitan,I Thought I Dressed Well Until I Got to Paris—Here Are the 5 Swaps I'm Making - Cosmopolitan,fashion trend
gnews,news.google.com,https://news.google.com/rss/articles/CBMixAFBVV95cUxOb0kxbmd2c0FZNnNvNXZFeTBRbVNEMUhDcjdNRU9GNjVSLTV2MHRHY0J3RXM4UUNzZE45YVNGVnpCazZlM19ld0VPb2FrOVNMUG1wcXE2QlVTbnFXaktENWx3eTNZYk5UV1Zndnl5aHRWSWxGSGZHeVM5d0l2VWRGZGRiYVhQOFNJR0xDZjF1S2t2Mk9nOXB2S1VJLWtMYnVVd0U3RE5iRDZqRllxY285d3JYQ01JLXkwX2Z3dExFUDVrcFp5?oc=5,1791223935,Retro ‘dad sneakers’ are the fall fashion trend I didn’t expect to love - Yahoo Creators,Retro ‘dad sneakers’ are the fall fashion trend I didn’t expect to love - Yahoo Creators,fashion trend
gnews,news.google.com,https://news.google.com/rss/articles/CBMiigFBVV95cUxOSl9MMHA3YThKcURKdTlRX3pMSVFXU1pHdEJLdTNaX2lYNDdLY2QtWUpiNHZDRzc0S01jZEhhNmRlT1loTlJjMXBJS1IwbVdfZmtWd01ITWFheDJGUUFXRFV2dGExRHlwMlZ5X3E0VF9ZelNYYXE5MkhTcWMzRXQxdXVBYWROSTExMUE?oc=5,1791240729,25 Fall Staples Every Work Wardrobe Needs - Harper's BAZAAR,25 Fall Staples Every Work Wardrobe Needs - Harper's BAZAAR,fashion trend
gnews,news.google.com,https://news.google.com/rss/articles/CBMidEFVX3lxTFBqNDhSaXo3UHI2RUtRcUo0ejlsdG5iOVg2alVSbVhzZTgwQ0wxOWdlRFdaTjNiQWpWQlFzRWwwQ1ZLOU9FQU1razJKbVJnN3ROTXZ2QnBaVnh6MUVPdkh0Y3RVaVV1WnRQa1Z0d3FoQUdiOXRW?oc=5,1791198000,"I Swore Off Dated Jackets and Skinny Jeans—but These 5 Cool-Girl Trends Are Back This Fall, From $16 - instyle.com","I Swore Off Dated Jackets and Skinny Jeans—but These 5 Cool-Girl Trends Are Back This Fall, From $16 - instyle.com",fashion trend
gnews,news.google.com,https://news.google.com/rss/articles/CBMid0FVX3lxTE1GMkxfVDNvX3k1ZU8xczlPTGFFTjBIWU9nN1prZW9JV1NZdzE5ZDRrV0twdHVxOWdOcTZuSDVUUkRnY0gxQ0hYOGxiSHdBTEFDUlNTdS1ZMFRtYVREdGg4aUtnUVhVQnlBNWpyY2x5NlNZcFdQbWtR?oc=5,1790766066,Millennials Are Exposing The Gen Z Trends They Absolutely Cannot Stand - BuzzFeed,Millennials Are Exposing The Gen Z Trends They Absolutely Cannot Stand - BuzzFeed,fashion trend
gnews,news.google.com,https://news.google.com/rss/articles/CBMiiAFBVV95cUxOOXhUR3pCZ3RyUVNGUWNxSXpCS0UzWktpMzQzVl9URWlNNTJxUjBXQTNxT0JtWWpkX1JnOXBkeHJiNEhyY19zT0hrV1pfMVYtLVM0Nng1MEFKbExzaGZPTHNBdG5TMkkwelFsc181V2JUZ09UTW15dkVtQzdHeElEMUtweS0wOThx?oc=5,1791216032,Paris Fashion Week 2026: The 7 Hottest Runway Trends — YH - Young Hollywood,Paris Fashion Week 2026: The 7 Hottest Runway Trends — YH - Young Hollywood,fashion trend
gnews,news.google.com,https://news.google.com/rss/articles/CBMipgFBVV95cUxQZ2diemp5c2FRZUllemlQWXNCb3ZwZzlhT1RBS3h0V1BvdjAxWlE2VjJkdDdPcDdxMWRDRzNOSVdaNDMyMVRmdExoUnF0NXNDbDd5ejl6UWhpUjVPbk5VeGQtTVBiSkhtbkQ3cERadm53TjJRckQteDdOYTQ0a1g0amZPQk1DOE56UzA5ZldtN2R1YmdUQXZGLUhISVNLc3hkWTdyYV93?oc=5,1791219631,Fair Isle is autumn’s most timeless knit trend – and M&S’s £32 chocolate jumper will keep you cosy all season - Good Housekeeping,Fair Isle is autumn’s most timeless knit trend – and M&S’s £32 chocolate jumper will keep you cosy all season - Good Housekeeping,fashion trend
gnews,news.google.com,https://news.google.com/rss/articles/CBMiqAFBVV95cUxPd3lEZHV2Q1k0bnZ3Q3Zra1hpMGdsMFJjZ1VYOUI3TUpkVTE3THdFY2gxbjFBRTJObXh3NHlEVVg1ektkY0Zsb0ZXSW9wdGthVXh3SHFUN1ZjbHBPREZJdjM3Q01SbHJ0S215aXBrSUZYRmVZNTNFenRsWlBxcExMUWM0eFgtazR6a2tOQ3lMc3dkRDZRa2NyYXpmV2ZIZGhrVFpiWkJ2MGQ?oc=5,1790962239,Stevie Nicks Revives a Bohemian Fashion Trend for Fall - WWD,Stevie Nicks Revives a Bohemian Fashion Trend for Fall - WWD,fashion trend
gnews,news.google.com,https://news.google.com/rss/articles/CBMifEFVX3lxTFBJVGlfZndJczJzNjZOZ21LcmRtdFJ2UU9tcDZZWDhaaG5mS0NZOEpJMFNrZlJGaml6Nk55RmxaWnBURVB4b0NHMzJ0N25Sdk1DV19ILUVnYUlNZWJOX2Q0Yno2UkExQ3F5a0tJT1h0LUZ6RDMtbFlEdV8wMGw?oc=5,1791233288,This Cozy Coat Trend Was All Over the Fall/Winter Runways - ELLE,This Cozy Coat Trend Was All Over the Fall/Winter Runways - ELLE,fashion trend
gnews,news.google.com,https://news.google.com/rss/articles/CBMinwFBVV95cUxQZTV5eF90ZjJaek9iNEdzNWVLQUZRZ3UzLUlBM0NyWElyYjVkaUlSNXN4SEpkRjZzcGhfV0VpMUJUSHdqa1VVT1F1LXJMVWVOdDk5aDdjMHNBQXh6MTRCOXpkcFBnOXpCS1FJTXNzcXlKT21Bc2l1NU9SSThSRi1BM05WdjNtWV9uVm5DMnpIZWVSU09lT094VXVoc0hjVGs?oc=5,1791207154,Jennifer Lawrence Swapped Barrel Leg Trousers For 2026’s New Favourite - Who What Wear,Jennifer Lawrence Swapped Barrel Leg Trousers For 2026’s New Favourite - Who What Wear,fashion trend
gnews,news.google.com,https://news.google.com/rss/articles/CBMikgFBVV95cUxOVzA4OUFVdGpDbko4V2NzdUE2cGp1WFRXSGpBZ3VnLXVOWFJ1cFBXeWxMYUt0c1pPRUlfR0lDWm1GdWRBTnNsRUZZaW5rdGtReFV5MVdRcGxpbEF0RVRtQlE2MGdfMVFNMlQzZktrWkVrLXpfU0dpOFdiS0dzZ3ZRSEFwVG5ReGZiSnNtQWNJUjU5UQ?oc=5,1791230194,The 'Dolce Vita Bob' Is the Vintage-Inspired Haircut That Flatters Every Age - ELLE,The 'Dolce Vita Bob' Is the Vintage-Inspired Haircut That Flatters Every Age - ELLE,fashion trend
gnews,news.google.com,https://news.google.com/rss/articles/CBMiigFBVV95cUxQcHp6dHVUY3RrMWhGdE9rLU5xQXoxTmVkWG04SFBNNmlUNnVuZXJuQkdlWEpfOThNTFI5RWxNS1FvVmVxS1pQNWF2a0lVMlZmWjV4QkdwaFZaVXNoa1UwMEZWeWFHVE9abDVpRFV5NGNCTnR2ZU5XMUlJSVV1MUh1cEVTZ1pTdzJXSFE?oc=5,1790930306,7 Early Winter French Fashion Trends to Take Note of Now - Who What Wear,7 Early Winter French Fashion Trends to Take Note of Now - Who What Wear,fashion trend
gnews,news.google.com,https://news.google.com/rss/articles/CBMie0FVX3lxTE41c2V5bkp4WnI4MXZOd21JaTVDNW56OUUzTm16NGxUVzVZQzRtYmhyVzllenk2cGRBVW1lR2J2cUxud1FXUHpOcUZxTXhUek5Dc0xLaURUNEJmZmRYUlYwazZLU2RxM1BwRUpTOGpxa19IVnJzWEM2c0FRSQ?oc=5,1791235044,The 6 Denim Trends Experts Say Will Define Fall 2026 - ELLE,The 6 Denim Trends Experts Say Will Define Fall 2026 - ELLE,fashion trend
gnews,news.google.com,https://news.google.com/rss/articles/CBMiuAFBVV95cUxQS2lxZDNtWlhONnNTZUdjR3JVSm5GeVY3SDlrQTM5TVNMMU00bFM1Ry1iTUJRT1RiV183YUgzVDExVll6d3NqbnhWYzhBVjkxZGtDWmtod2hvUUZWVTdNRkNYSFBOejBmQXFmRXJvREU5WjBOQkNsYWlsaDcyNmdVanBoUW5yNHAzamdIbnFKS1FOTW42OHpIcG1YLWxzUkdyZmhsYWQ0RzZpTEZzYkdvUWszN2M5eWFO?oc=5,1791218160,Samara Weaving Was Born to Wear Valentino’s 'Villain Teen' Top - ELLE,Samara Weaving Was Born to Wear Valentino’s 'Villain Teen' Top - ELLE,fashion trend
gnews,news.google.com,https://news.google.com/rss/articles/CBMiigFBVV95cUxPRGtISHNjRHRqVy15MEtvLU1rd2FzY3VnVFZVYll6THlnbUFyOGJmbWwxelFSUlBjaS03VWJSMjgyOGQ1SnlMRVFQWnVCbGZ0ZTRLeDFWbFdETEZjdC1CQ1luZ1ZPY3paTEVpTk5oZkMwSndTYXM1U2drcDZvWWxuVUxGYWxJTjZFaVE?oc=5,1791163362,Comme des Garçons Fans Reveal Why Fashion Is About More Than Clothes - ELLE,Comme des Garçons Fans Reveal Why Fashion Is About More Than Clothes - ELLE,fashion trend
gnews,news.google.com,https://news.google.com/rss/articles/CBMinAFBVV95cUxPcUttdUNtQUVfdjhReWJ5a0ZXOGJGeDl0YWJFVXVrWDhHOFBCXzVia1puc0RjV0ZuejR3MG8zaEVlZDV5NHpzbVJ6LV94QnEtbnZud09BQ0hwVER5OEZ0dWl3UTRRZFdTVkdvaXJYdmJYX1ByR0t0UXhJc0czZ25naXZzOHVFb3gxUnFVc3F6NHdhbEYwNjlKMzE2XzE?oc=5,1791217920,The skirt is no longer playing second fiddle - t2ONLINE,The skirt is no longer playing second fiddle - t2ONLINE,fashion trend
gnews,news.google.com,https://news.google.com/rss/articles/CBMingFBVV95cUxOOWR5VjEwX0t2cjk4akpEVnFfLTR1RmpTa19YdFZQU2piRU5ISGZEY3l1S2ZVVEZFMDNCRGUzY3dnVEhUNGJSaXhZYWRvcUJvdm1XU0pqX19TWklOQkUzbVZqTXJmVWdrdkEwMWdtNG16Q3BpN0t1aUliN3pBZWVzelFCV2ctaHAtaEk0a2RuM2hJTGxZM1dxSWtQblVGUQ?oc=5,1791160967,Best Street Style From ComplexCon 2026[PHOTOS] - WWD,Best Street Style From ComplexCon 2026[PHOTOS] - WWD,fashion trend
gnews,news.google.com,https://news.google.com/rss/articles/CBMitgFBVV95cUxPNmN3U1lTWlN3NUJWdTlRZmNxNVh0RV9UM0RvQ3FTcWx6ZEprczRFZlJvNEN0MmgzNkxiSG5zNlhnQWRYWm05NVdHd2ZTUVhYelQzUmZGNTV2SXZ3Z3hueG1Mb3BpRFN6cUZSVklTU0NBRlByOTcyOV9Ub2dyVmhWZ3BJaDFKOWNSNV9PUTlBMGxBN3JPdUdCNnVic1ZsRUZrTm82LTg4S1JDdm1EMVNXNm4yVmdlQdIBuwFBVV95cUxONWpqcXM1N3llTkM4cGRaX3VFR1BBTEV2M3BKNzZsaUZGTjViQXVEU2NyNjRCNmdBMlhvVVhObUdxNFRTbThOU2NJaG5tZnVFd3dsNEZ1RHNtR3o5V1lZWmhpUG0yclhfQTgxNFR5TExjRVhTdTVPLVBUS0MwU3ZFY0tSd0szZk80ZEpidmV5MzlvZUJFLWhvYUhDRGNXalFaenNqQlk2NnJmRVcxbGZhVnpSN194cXcyRHBN?oc=5,1791201929,Singapore Grand Prix 2026 outfit ideas: Celebrity style inspiration - Prestige Online - Singapore,Singapore Grand Prix 2026 outfit ideas: Celebrity style inspiration - Prestige Online - Singapore,fashion trend
gnews,news.google.com,https://news.google.com/rss/articles/CBMidkFVX3lxTE5ZcmRWaEtNR3FqN3oxamc0UUxOeEVLNUtRZmlDSWFFLThadjZyX0dIdnAxSkhrRzBLMFZUT1RkSXhQdXBJQlFaMGdTaUpzX2lSSGxVeXFQVUw3U1JKWm8xMGZsN0hlR2I0ZzRydXAxZ3NnTDVuLUE?oc=5,1791093600,"Sorry, Waist Scarves—Winter's Hottest Accessory Is Borrowed From the Boys - Who What Wear","Sorry, Waist Scarves—Winter's Hottest Accessory Is Borrowed From the Boys - Who What Wear",fashion trend
gnews,news.google.com,https://news.google.com/rss/articles/CBMicEFVX3lxTFBtdmMxY3UxRkVGNVJEWFVNN0ZVRU8wbEpVU1JlX1lwZnBkQTVlOEJlVnFKQndTVWg1aUhUeVBHVXpTZlQwS0ZzRDY4alJWeUNtVVo4X3B3X2VBYVJ1MFN2c0t4LUlyTGN6VFppdWk5NUE?oc=5,1791091800,8 Knitwear Trends to Have On Your Radar This Season - Who What Wear,8 Knitwear Trends to Have On Your Radar This Season - Who What Wear,fashion trend
gnews,news.google.com,https://news.google.com/rss/articles/CBMiqgFBVV95cUxQQWx3UlN6LS1oWTlkVU1hUTVHLVdwMzNZbzIxVVFlbW1wbzJGWnpVbG5GTzdYSEx5Tzl6VG55R0wwNHdYYlY0YnE3SUt1Qi1wV2Vud1YwbmdEZ25WOENnRm1od1p5N0ZPaWNTUzNBNGY1eGFXUUp3WWhfTjZjdlFFWGxqNzdRdExfZ3ptTGc2VVNzLTV2R1lwdjBuUFZwNU9KeTZScDB5Nl9DZw?oc=5,1791021640,Walmart’s quest for market share expands with a new bohemian fashion brand - NBC News,Walmart’s quest for market share expands with a new bohemian fashion brand - NBC News,fashion trend
gnews,news.google.com,https://news.google.com/rss/articles/CBMiiwFBVV95cUxNeEJySnpMdnVsS1RtWDRsOWxucUc4aDgwZjBrOG5zRUpXZU9mb0xvSFY2cjZidlRta21EajZHa3VlNmYtNGJvQVpKdy1qV09rOHFDX1hSbk5TVTZtd2tfSElzMGg1cnZ6Wm16R2liZXo3bzFscFhRNmZHV2pRbVY2a2pGazBXUWJ3ejc4?oc=5,1791109800,"I’m a Fashion Writer in N.Y.C., and No One’s Wearing These 7 Tired Trends Anymore — Here’s What to Shop Instead - People.com","I’m a Fashion Writer in N.Y.C., and No One’s Wearing These 7 Tired Trends Anymore — Here’s What to Shop Instead - People.com",fashion trend
gnews,news.google.com,https://news.google.com/rss/articles/CBMihAFBVV95cUxNeVJyRzdjR3QzSFNxbG9HUWplTFhvZXI1U3V3NE5uQlROb015MWxaeWpSQzhUem42eXd2dVU3eVI1WUlUZTk2WWYzakpWVDhKSUg5Wjl6bGMtRXFZTDRyOFlHdTJhSTNqdjZpYTdxMFFQYXdvOHlwUkxhQXVEQVFXSU5oMWg?oc=5,1791111600,This Is the Flat Shoe Trend Fashion People Will Be Wearing With Skirts and Jeans All Autumn - Who What Wear,This Is the Flat Shoe Trend Fashion People Will Be Wearing With Skirts and Jeans All Autumn - Who What Wear,fashion trend
gnews,news.google.com,https://news.google.com/rss/articles/CBMihgFBVV95cUxPaEtrMGRSODRCa2lqamRXR2pIeGZOUEZMZ0ZOU2xzUFgzTllNQVByU0sxTmdtT0Z1dGtsMGRCQXBiUXUwZFBLVDNhT2Q3elA1eUp5NExvb2cybVJ3TGRLZ2FabHQ1ZGJ6NllpaWRYWTRNSmRrZ1gzTHhYT0NDaHVndlkzcGQwdw?oc=5,1791158400,"Céline Dion, 58, and Lola Tung, 23, Wore the Practical Fall Jacket That Makes Every Outfit Look More Expensive - instyle.com","Céline Dion, 58, and Lola Tung, 23, Wore the Practical Fall Jacket That Makes Every Outfit Look More Expensive - instyle.com",fashion trend
gnews,news.google.com,https://news.google.com/rss/articles/CBMirgFBVV95cUxPa1NwQWJvcDAzV0l3UzYxc0tXZUtYdENiWG5TNGMtWmVQZWNlb0lxc0R0NGdNM042dEdaOG9tOXAwVzdnM1FJWGhnQ2w2VklmdWJTR0xBenJWelRaWGFGTEZPc1A4aGJPUXBORktxSldGQWhfZF9aSTVacEFLd0NWcDRzY3RjQUdXTkluckRNODFPNTZ5QlZiajRxS1pGR250NHpFRGNSU2Q1Y3V3Z3c?oc=5,1791041400,Why Sarah Jessica Parker Rarely Wears Anything From Carrie Bradshaw’s Wardrobe - ELLE,Why Sarah Jessica Parker Rarely Wears Anything From Carrie Bradshaw’s Wardrobe - ELLE,fashion trend
gnews,news.google.com,https://news.google.com/rss/articles/CBMifEFVX3lxTE5ZY09LSFo4b3Z2ZVBQeS05SWtkOW9aTXVIRnNCQTkyNDU2RldmSVlsSHBmUGZ0RTdlWkwtTTJsRHhLZXptdURXMUFMQUt6Vzc5N29FMUJSV2hBeVIydG1wWmFKSkpzSWloZFgxWWlzbHpBb3VJa2RMUGFYSkk?oc=5,1789714800,9 Spring 2027 Trends to Know From New York Fashion Week - fashionista.com,9 Spring 2027 Trends to Know From New York Fashion Week - fashionista.com,fashion trend
gnews,news.google.com,https://news.google.com/rss/articles/CBMiigFBVV95cUxQelZ4X2ZkdmxFXzlDcnN1aDlIUnJhOGtZZU9OQnlTSTJrZWhUQ0NuOERZNlpGMnRvUjVFZ2tmZXBWU0lHRTJPVkFpYTVYUWJBSmRlbU9IOGM3MXhyY0ZvaEtnTnRtVndCeEtSUHYwVzluanlNaEU2Skp6LVV2LTliczU1cmEzWThUYmc?oc=5,1791034415,Chic Parisians Just Put Me On to the Colour Trend That Always Works With Jeans - Who What Wear,Chic Parisians Just Put Me On to the Colour Trend That Always Works With Jeans - Who What Wear,fashion trend
gnews,news.google.com,https://news.google.com/rss/articles/CBMiqgFBVV95cUxNSkxQTVZNS1RDUTdXUXlyNnVwcHJVM1lqcGFjd1dKVjUwWTFmN3JGcDhvckFtbkFNdGY2SUtIaGhINGVSMXZ0ZzN6TVZpVnpJeEZZTzZXQ1BUTVhtRU50UGNsTUNBR0RvUGw5QkxzY0dnWS1fcmVpZTNSbDZpbUVxOElhaXEzRGJSR1V4TTIwRmJiVmFRX05BWUEwLTJpQ1VRLWk2WUtnbnBQZw?oc=5,1790966825,The Best Street-Style Looks From Paris Fashion Week 2026 - Harper's BAZAAR,The Best Street-Style Looks From Paris Fashion Week 2026 - Harper's BAZAAR,fashion trend
gnews,news.google.com,https://news.google.com/rss/articles/CBMimAJBVV95cUxPaXFia0J4bmVLNUZ3cmtDbTZCNTNDaWJjM0dMUXZkeEg2TVB4cWN2UUVvd0ktQ3pCNjRRRXotcVN5SlkzbG1pYTlYYnRDaUJGZnBZa2xFUFZ1NTJPMlR6MjdOOXgxZ1VXTVNEWU9wTUdTcVpkaWxVQ0tBalN2N3dBT0RxZzRTU2tuWFZOUTcweUU0eG4wNWlHeUc1NmZxNnh4OEQtQUtoRk1SMFRoNGJkZTlKbkViUVNORFFDOXlDaHM1eGlBSlJWSm1LaXJwNjM0ajM4TmR2NG52eW04ZUdCRXotMER1VE9DdzEtUE5QVTlzeDJIRU9xVkFlRkI2WGVOQXJZQ0czaFFtbXAzT0VXa1Q5OFpjcG5q?oc=5,1790908380,"Thrifting used to be about saving money. Now it’s a major fashion trend, and resale companies are cashing in on a $240 billion industry - Yahoo Creators","Thrifting used to be about saving money. Now it’s a major fashion trend, and resale companies are cashing in on a $240 billion industry - Yahoo Creators",fashion trend
gnews,news.google.com,https://news.google.com/rss/articles/CBMiakFVX3lxTE54ZHNCWUwtVVZDYm5NRFU1cnlHLThQNDBwOFdIYVhNd2g0eHQtcWh6THQyVWJZbHN4RHRLX3NneU9aWV9VdVF1RXE5UHNONmhFRndNRWRkb1dJRXQ3YWM0NjM3ZjRXSmlnVnc?oc=5,1791150000,Fashion Girls Are Ditching Neutral Shoes for This Instantly Chic Fall Footwear Color Trend - instyle.com,Fashion Girls Are Ditching Neutral Shoes for This Instantly Chic Fall Footwear Color Trend - instyle.com,fashion trend
gnews,news.google.com,https://news.google.com/rss/articles/CBMipAFBVV95cUxNMzNoWnhnYXJNMWY4dTBzbkNWTUo2ZFZqLUprNFFBX1NJR2RRalF0TkRhZzh3RldteDkxX0tPTHVKVDlkX1Zva1JfQTJIU0o5ZEhRdXI0SlhGSHN6T0pNLUpFVUFBR3hFdXprS193LWpOV0Nsb3FqLWFydFg4bHhuLXU1Y3BsRXZXTFh1WDQ4QUttcmJQTTladUwxQW93R2hPY1V4cg?oc=5,1791111600,Approach shoes are the new fall sneaker trend you'll be seeing everywhere - Business Insider,Approach shoes are the new fall sneaker trend you'll be seeing everywhere - Business Insider,fashion trend
gnews,news.google.com,https://news.google.com/rss/articles/CBMikgFBVV95cUxOZHQtZVJzUjlLS2tyOWdvcDVUTi1UZDhaaWlyeFJaTEhqQVJWcFJVQW1oamg0MV9PLTJUQS1JcFY3OGZ4RkdxbUpSRnNyZGF3eGtxbzRiVHcwVURvQm0tVlZwUHpULWFSeFpSMjR2ZXdVLUlDNFZGcDdtZklDOERVUEZKNEFBMzRwZWJlNWNSYlJTQQ?oc=5,1791111600,The ’90s Are Back in Style. Levi’s Is Cashing In. - WSJ,The ’90s Are Back in Style. Levi’s Is Cashing In. - WSJ,fashion trend
gnews,news.google.com,https://news.google.com/rss/articles/CBMifEFVX3lxTE1LbVl6MmJjR2NwS1lIOW83RlVQYnZLVHhqRkYteU9mMlF4QjNsVE5nNV93WVdTdmhiM09IWm9XRzlpUFltM0VJcU1DY01WaVZ4Zmx4ZFRtUFBNMnBxR0p4NkdKLUZuWTZiNzB2QkdVSDdseFpwTi1vSnVFdmk?oc=5,1790977656,This “Dated” Skirt Is Suddenly the Height of Fashion Again - Harper's BAZAAR,This “Dated” Skirt Is Suddenly the Height of Fashion Again - Harper's BAZAAR,fashion trend
gnews,news.google.com,https://news.google.com/rss/articles/CBMiiwFBVV95cUxQOC1Hdk5sU01yNUVUejBQWW5fcXFadVpYSDhZVHVvSWRLLVJWbFRmUmhiRFlWank3cGt4NXNudkV5cDYtMEhSX3BaVU92SGc0bVRDVWxCMlVEams0ek5yaWtjUlNQUWhJSUptaDE5SmYwblpWdzBRNmtTNkkwREJ1SG00eHo0TnR6QlpZ?oc=5,1790984490,Dakota Johnson Wore Fashion's Favorite Fall Skirt Trend to SNL Rehearsals - Who What Wear,Dakota Johnson Wore Fashion's Favorite Fall Skirt Trend to SNL Rehearsals - Who What Wear,fashion trend
gnews,news.google.com,https://news.google.com/rss/articles/CBMiswFBVV95cUxQamJ4RmRCdVVaZUFIY0dsXzdRVzdrdGFpc1J0UGc2UDdOWTBBU3d6bml4ZFVxd3g4OG05VkQ4a1RJaUJVQ3I5V1RrMWE3aldtWnFuM0F1bC1SRWZkWDlhN0s2aXRTYzhzam9ua05EeDE0eEJ2Qjh0NHFMM0xPN2VGTmVsUUJ6b1hTLWpWVDdvejNNUG56bnVEalJvajFBMnJ0cENORWhyMTdfVVdJaTgxNVY4NA?oc=5,1791236056,Lakeside teams up with TV stylist to reveal AW26’s biggest fashion trends - Essex Magazine,Lakeside teams up with TV stylist to reveal AW26’s biggest fashion trends - Essex Magazine,fashion trend
gnews,news.google.com,https://news.google.com/rss/articles/CBMiigFBVV95cUxQaVpYZVZSOUVublVONW9PODhxT2JOSW9kSjRTMVJGREs1d3JvdlFVc0g4dG9FZHBLTkExQkpUajZYRDh4WkVPMGpzQmR3YTNFZzFRc2hMLUZOR29tLUJOSGpjdl81NjRsTUdIalV3Q0p6ZTAyTEl6MThGWjduTVVtUnNZeTVXWjNYRVE?oc=5,1790838000,How to Pull Off Western Wear in the City - Harper's BAZAAR,How to Pull Off Western Wear in the City - Harper's BAZAAR,fashion trend
gnews,news.google.com,https://news.google.com/rss/articles/CBMibkFVX3lxTE51MTBuZTdHTm9KV19Cc05wYW5yVEhLbllKZW5WX3NYQ3d4UWFGQUY4NmhUUkNfcGpUWEd0cmpKeUMySVR0cUV3R21SeWNsdTg4SS1CZHhCYWRLNDBfTEs4VmxqcjNTUFNHWmloNlFB?oc=5,1790608872,6 Key Fall 2026 Fashion Trends to Know This Season - Vogue,6 Key Fall 2026 Fashion Trends to Know This Season - Vogue,fashion trend
gnews,news.google.com,https://news.google.com/rss/articles/CBMihwFBVV95cUxNUFI2OUpNVnVsV21HeVJPMGN5VkptOEZwcXJNWjc0UWpuWVFsVU04ZWg2THhadXk5M2I5T2l2cFZCNmI4dGdnbFg0X3ZUUFhzTTVhUm9TLXhLeGNNNnBIaFp0TTFTS1BEbFBGTjA4WWpuVTZBMlQ4bTBGSVdidVBPMnFXOHc2OUk?oc=5,1790766000,Every Fashion Trend Worn in the F1 Paddock in 2026 - Who What Wear,Every Fashion Trend Worn in the F1 Paddock in 2026 - Who What Wear,fashion trend
gnews,news.google.com,https://news.google.com/rss/articles/CBMiZEFVX3lxTE83YlNpX25lWktLRkFiWmdGUExXZU1zdW9RdlNnYzhCR19heTJBQkF0NE8wckRyOHd3SGVHS1M0ZE5MQ3dXc2p2QXE2T0tGOHRkeDFEcm1yTF9Cckt5cUtGZjgwUGM?oc=5,1790942484,"""Goth-Corp"" Just Became Fall's Moodiest Celeb Trend In The Best Way - Bustle","""Goth-Corp"" Just Became Fall's Moodiest Celeb Trend In The Best Way - Bustle",fashion trend
gnews,news.google.com,https://news.google.com/rss/articles/CBMihwFBVV95cUxOT0pmVndsVTRqS3ZkakFRWmNOc3VvVE9oQUduQU41ZHExV0JSYmZHRFB6d0drVEpWLXVKN1h3ZGN3azdfV0tabjA0SFgxSWNjcWVtYUtMbjgzc1M0SGlhTnd6akk4MEZfOUk3QmlWZFRUUnVyMHJ5Y1BXZGVnVHFqQmRtUFdtWlk?oc=5,1791016200,Fashion People Will Be Wearing Selena Gomez's Specific Sleeve Trend With Jeans This Fall - Who What Wear,Fashion People Will Be Wearing Selena Gomez's Specific Sleeve Trend With Jeans This Fall - Who What Wear,fashion trend
gnews,news.google.com,https://news.google.com/rss/articles/CBMi5gFBVV95cUxQclFQamI1c1l5cEhNb2VGTkw1bnlYeVFjdHVQUHJuYVgxUGNXQnZJR1JnRFFQS0ZZNW15UUE2SlR1cWlvZk9OcENaQ0dDRW1NTzFJa21CbnFrSnc0ejZtcXd1SUduZ1gwN1JVVWpQN0VNS202aDkwRC1STzFKZGhaNDEweC1wc2otR3AyMGlsa2dvd2QzMV9vT003SC1yaEtXanUwTHF0YXkwUlV1RjFldmV5VllzZWlSTmFMS183Wko2blBsdjZiRWdJdjd3TzU0eWpTSTA1N0FITTRrUkpkMTNOaXZ6dw?oc=5,1790812626,What Is DisneyBounding? The Disney park fashion trend you need to know in 2026 - Yahoo Creators,What Is DisneyBounding? The Disney park fashion trend you need to know in 2026 - Yahoo Creators,fashion trend
gnews,news.google.com,https://news.google.com/rss/articles/CBMiggFBVV95cUxNbXZ0eEU1c3Y3Wlk0T0g0eUVRM2ZmVnRxQmRncVdNMGNZVjhSczBJZWhRTW1VOFFoa0J5SUo5aDR6bWpVb2p0WWM0TXlIY054QXZLdDNNMWZSOTVVOVF6bzFKWFpVYS11ejdZcUFLU2RNM1RJUjhwd0xhSUx6cHlsVlFB?oc=5,1790986855,Yohji Yamamoto Says He Doesn't Want to Explain His Clothes—Here’s Why - ELLE,Yohji Yamamoto Says He Doesn't Want to Explain His Clothes—Here’s Why - ELLE,fashion trend
gnews,news.google.com,https://news.google.com/rss/articles/CBMihwFBVV95cUxOOGZ6MmV4NG9WdnBtWEtaaHY1OU1oZmhxeEhoQzhjRTkyT1dVYkNfQW5ZeVZsT3EzOXVNUVZnb21ZejlJWmdBYk9TUFVCREFLX2FTZXFLX2JGczNGdGVLRzd0QUVyaV84TlFETU44NmxId1VMTjRvZ2FhVXpwbjF5aW5wXzZFVGc?oc=5,1790957337,The Coolest Bob Haircuts Taking Over This Autumn - ELLE,The Coolest Bob Haircuts Taking Over This Autumn - ELLE,fashion trend
gnews,news.google.com,https://news.google.com/rss/articles/CBMigAFBVV95cUxPY1lKOXVFeFVoRG9kU2tqWU5taUhyOWhDZHpjbUM3TVJSNklqRlFwMWJGYVdlNjdLcVR4alI3eGdmMFE0RlN1RWFaQmNTVFN0UlpJSng2SDNJOW1aSUY0VUJRWGVLQWVWaXplZGNZdGc0dFRpWmkxdUJ4X3BNdHNPVg?oc=5,1791035983,The Corsage Shoe Is Having a Moment This Season - Harper's BAZAAR,The Corsage Shoe Is Having a Moment This Season - Harper's BAZAAR,fashion trend
gnews,news.google.com,https://news.google.com/rss/articles/CBMiowFBVV95cUxNdGpGaXh3RWFEMGRHcTl6dmpYaGkwN0FWUGhpVklpOWZraTY5cVlvQ2pzU1N3bGZKYlR3S2t1bi1IbWl6UWhDWGR4TEpIWGV1RGFTSXpnOFlxdUlaY1lNX1c2V2xWUmZPV19aRTBlaVh2R0EweG81akFxTFFJcy1CYVpUNm5zeTJhSnlaV0xMb25Eci1TNkl6cDg4ZlV0Y21sejgw?oc=5,1789455600,The Biggest Spring 2027 Trends From New York Fashion Week Are Surprisingly Playful - ELLE,The Biggest Spring 2027 Trends From New York Fashion Week Are Surprisingly Playful - ELLE,fashion trend
gnews,news.google.com,https://news.google.com/rss/articles/CBMigwFBVV95cUxNV0tNZVBxMFotUXQ1eW9VMWlNeGdFVjU2YWpiQ2djMzBHRUNWMkE1M2FiYXZjS29sUDg5U19QSXN3STdNellpUTZvZmRjVW9TSXB1MFdnRTNZVW40UlJ3bU9LUnEwZDI0ZUZUdW4wYnByNTBTUDlRTU5MaHlLaVJ2RldROA?oc=5,1790913600,"I Spent 5 Days in Tokyo—Now, I’m Upgrading My Dated NYC Wardrobe With This Style Expert-Approved Outfit Formula - instyle.com","I Spent 5 Days in Tokyo—Now, I’m Upgrading My Dated NYC Wardrobe With This Style Expert-Approved Outfit Formula - instyle.com",fashion trend
gnews,news.google.com,https://news.google.com/rss/articles/CBMioAFBVV95cUxOSEhjWFBxcmhGaEs3X0RiWVFHeExJUVBISEQwRERiUGhQVzdJX19qN3BIYTM4REdnN0NLSXR3ZTZ3OWxmWF9HQndmV2M0VlhZY1dNa0QyN09sdTh3a2xQNHdubG1PN29PZGFxMjZ5M2syc01WT2NQSEJueDhrYi11akJoQlpMeVdnSmU5LVljTXRLSXZ2b0pFRXh4T29PYUt6?oc=5,1789369200,The Barefoot Trend Is Everywhere at New York Fashion Week - ELLE,The Barefoot Trend Is Everywhere at New York Fashion Week - ELLE,fashion trend
gnews,news.google.com,https://news.google.com/rss/articles/CBMiZ0FVX3lxTE1YRjF1TG9ia1NkSy1CZ0w4SEtxeVFfUDhwSEFoandhSjhHeFNkcjBsUms3Zk44MjJVYWdEa3hBRGhYTGhGNkE5bTJSRUM1SDVpemNPX3pnWV90aXlndmxEQzJra3VkSDg?oc=5,1791001800,"Are Banana Boots NYC’s Next Fall ‘It’ Shoe? After Walking 8,000 Steps in This Comfy Steve Madden Pair, I Vote Yes - instyle.com","Are Banana Boots NYC’s Next Fall ‘It’ Shoe? After Walking 8,000 Steps in This Comfy Steve Madden Pair, I Vote Yes - instyle.com",fashion trend
gnews,news.google.com,https://news.google.com/rss/articles/CBMimgFBVV95cUxNanIzejRwcDJ4RkI1ZkRCSzJEYXppcjYwR2VlaEg1YlJveWtOX3k5VnNBRFU5amN6Rjc0d2NtUHdyZ01ZWkozMWRLOEpvdksxTkx0M1pGckpfUUt4ekpJTWlwamFyVGZuMVRtTGN4T3oyUU13RkY2LW8wRHk1QndyTFYzbHhuSUdRRmdSYk9wVEUtbHRUd2hwNkNR?oc=5,1791036000,"These 15 Sweatpant Jeans Feel Just Like Loungewear, But They’re Stylish Enough To Wear Out—Starting At $20 - Southern Living","These 15 Sweatpant Jeans Feel Just Like Loungewear, But They’re Stylish Enough To Wear Out—Starting At $20 - Southern Living",fashion trend
gnews,news.google.com,https://news.google.com/rss/articles/CBMirwFBVV95cUxOVVdXV1NsZzVCWlg4SjhFM2NSeTFNbUFqUUlWei13WjdMcjBVYy1NM3hWcHJXY1NCX2R2MUlFa2ZfT3pWRHROa3gyMUE4RjNuemNqd3BCRXVZM3JJbU4yX0sydXlmejlsZ1BDdl80MWdKUjg0YTdKZHpMLURVcHFfR3k2U2RtVE1JOG1UNDRxQjlOOVFwMWxRaW9lMVNEdDlSZ2dLcVp2Z0I4YlVUemlB?oc=5,1789542000,The Coolest Fashion Trends Spotted at New York Fashion Week Spring/Summer 2027 - Teen Vogue,The Coolest Fashion Trends Spotted at New York Fashion Week Spring/Summer 2027 - Teen Vogue,fashion trend
gnews,news.google.com,https://news.google.com/rss/articles/CBMidkFVX3lxTE1sdDRYeUZiSXNyQVRZdC1DZ0tDVHpXc3NTSkRuVEhGZDZiUDdqMllRb3Nub1YzV2U1LWN3RFVsWTdqbzdjZmhIZWtpRmpDSWRZUDdmS2NhYU1TMHJBMl9VYy1MODZKWUxmTG1YMmo5aWZRMTVseXc?oc=5,1790956467,The Cool-Girl Way to Wear Corduroy Pants This Fall - Glamour,The Cool-Girl Way to Wear Corduroy Pants This Fall - Glamour,fashion trend
gnews,news.google.com,https://news.google.com/rss/articles/CBMickFVX3lxTE1RMFdBLXBMenNneG80LUd4YXRXcWN6OThtaUhmLTgzNkJJZmlHMUNIeUVhQndUZTRMTTBxSmoyNElyT3ltcklMdmNuYTNhblFnaGNKUkRmaXozM0hoRV9JWjlTek9PNm9wQ2xfRm5fNTR1dw?oc=5,1790233200,The 10 Fall Fashion Trends Worth Knowing This Season - Katie Couric Media,The 10 Fall Fashion Trends Worth Knowing This Season - Katie Couric Media,fashion trend
gnews,news.google.com,https://news.google.com/rss/articles/CBMigAFBVV95cUxQLW11MDJySzFjMEktZ3psdTl0bXhoSjF3ZjZlamctbHZQaXlUWlo5VVgxU3BpSFZkRDZUaDl5TzZZU2dzaDhnYzVtRDB2blJmbFJ4WVJ4bXctVjhaTEhGS1dRNjZZdGNldjdxYUlVUmgzc3NoTXVobVp4bUM2aDI5dQ?oc=5,1789455600,I Saw One Color Everywhere at NYFW—and It Wasn’t Burgundy - marieclaire.com,I Saw One Color Everywhere at NYFW—and It Wasn’t Burgundy - marieclaire.com,fashion trend
gnews,news.google.com,https://news.google.com/rss/articles/CBMiowFBVV95cUxPcjM2WWhyZlJBeVo4ZnpxTkRLYW1qWWJlWlpYU1pXWFdWSXBFVlVyQjNEU3N4SXJseVdsajhnaVdTZWR3ejRSMS13Qk5GMVhpdmZmOTE0aW1QREUxREo5VzhtY0tsWWxsdFQyaEI4ZE81MkhuWXplMWFxQVZDVGd4ZnIyeWlKc2dOcFAtX2YwUV9yVEMydHRyTkZBZ21EMVA4MWhB?oc=5,1791015875,Purple is autumn’s newest knitwear trend - and M&S’s £28 aubergine polo jumper is the chicest way to wear it - Good Housekeeping,Purple is autumn’s newest knitwear trend - and M&S’s £28 aubergine polo jumper is the chicest way to wear it - Good Housekeeping,fashion trend
gnews,news.google.com,https://news.google.com/rss/articles/CBMikgJBVV95cUxOZjJESzVDZ01HbEs1UXdDdUF6V1NTTE9FOFFvMnJzNlZZQkZibTVaaDl4bkF3VU1DSTlaNklkMk1xUWNGTGhWYU9tMFBtaTY5QTdxM04wclNXV21abGNmTk43eXQyYS16alhFNEpvbHhPM0dnUVJVZUxJc1VHWjlkN0cxc3FZZy0zbDJLSy1wb1FKa3VPUFNMbDBSMFVPcTV0c3pDcnItVTFoYS1OOEwycTMtOXRjMWdBTUxCNFZXS01Jamg3cXBvMHlfS0h2U0hjVUhheTF4RmFOX2lrMDlpR1BiUC04UTh1eVhNdVZQTmVUNTh0Y1BuclNrOHVRNzlKM2VnWmxyN0FjTzdWVGx0cm930gGXAkFVX3lxTE5ZaEtMbGRLTmE1WlpYSjVpejlVWUNWS0JTVk5zaVd1RlpoLWt1by1xamVKUXItbUdRb0ZyZVJnWXR0NWt4V2RRaXdfUC01UEQwZkdQSENtb0M5UVhNUThhOWxRX3JIc1FFeTV4THc3dlpaVjBzdjMzbnNwYV9rNXBaTlhTOWdUU3JJZUc4ZllhcUFKVjZlNnVDell1TGJWQzRnUGNYQ256X0ptTUJWdC1PbVl3S3J0VExUT1NqNnlCbmRxcU1acHo1MmF3dzZONVdaeW9JYkZ1REw2ZGVPajdoN3M2RzZpNWFud0lRNFJBclNib1lpMFlVNnQ3Q2RMcS1BVUF1NXEtZnpKb2F1LThLQ0RFU0NjTQ?oc=5,1791192381,From Y2K jeans to vintage sarees: Why are Indians suddenly searching for thrift stores? Google sees 850%... - Moneycontrol.com,From Y2K jeans to vintage sarees: Why are Indians suddenly searching for thrift stores? Google sees 850%... - Moneycontrol.com,fashion trend
gnews,news.google.com,https://news.google.com/rss/articles/CBMijAFBVV95cUxQclZrekJYRU5yZ0JkTkFBNUZ6dEdfMFFqTDJTSVZSQkgtUHVlaDdIZEdlRHZGNUVOTmZSalJYWWMwME1ZZWFleV9YVDMwOE9ILVZiTklGcVcwdVM2MFB3ZE5sR1RIdEUxZVBzZEdma0VydnBXRm9VUGhLZ2tWRERmd3ZVMzROMWJ4LU93aw?oc=5,1790924400,7 Minimalist Fall Outfits You’ll Want to Wear on Repeat - Harper's BAZAAR,7 Minimalist Fall Outfits You’ll Want to Wear on Repeat - Harper's BAZAAR,fashion trend
gnews,news.google.com,https://news.google.com/rss/articles/CBMinAFBVV95cUxObHJJREQ2RkhkeFNnY2kwNENoWWRKYktsQTB1OWxGNGdYMnZEeFdPenpjcXdpTE9NWHpJaS1BZmdadFRwYWtMdVpTNjJ1VWdUbTFfQ05FWjhPZ3hLTmQ2ZjFZaHhIQUJKMFdtekFGZFZOYmNsR0dqaGpjUkE4SkRkd196Y2ZjeEVXYTZLUW9HZldfSU1QcC1QLU8ycjM?oc=5,1789801200,Coco Rocha Reveals What She Considers to Be the Most Overrated Fashion Trend (Exclusive) - People.com,Coco Rocha Reveals What She Considers to Be the Most Overrated Fashion Trend (Exclusive) - People.com,fashion trend
gnews,news.google.com,https://news.google.com/rss/articles/CBMihwFBVV95cUxOcEFmWDFiRE8zYjk1Z0N1a0tpcU9fOXZySU1EeWlpV0RyYzZvdHQ3TU5IdlRDemNqMjFjSXlsWnBpMDdHdkxOMzc1cXpJaVhsQkc3V01PMFU2OUdUMEMzYjMtTE5aSlY4TGdJSEV2cTNPekdRSkt1bjlfZVh6TVBRTE9Va29FdHM?oc=5,1789887600,"Twiggy, 76, Reveals the Look She ‘Rarely’ Wears and the Fashion Trend She’s Stood by for 60 Years (Exclusive) - People.com","Twiggy, 76, Reveals the Look She ‘Rarely’ Wears and the Fashion Trend She’s Stood by for 60 Years (Exclusive) - People.com",fashion trend
gnews,news.google.com,https://news.google.com/rss/articles/CBMiqwFBVV95cUxOTjRKSk9vckFldHBaVlVvUTgwTnAwR0VxSm05MTl6dFhUTl9XeWF1SXl6MFh0ZTBJMEo0MFZPRWVBbkNBakRseGc4WlEwVmtfb0x2dkl4Y1diRlFZZ2ZYeGVjVThKRmVRbW9WdlhobnpWTEtkaUZhOW1raTdCR04zelRra2JkM0JDbjZINVo3dThUMDFvVktDN1d5N3hvWm1yS2hydU9pemhKcTA?oc=5,1790233200,"Olandria Loves That This 'Divisive' Fashion Trend Is Making a Comeback, and So Do We - Yahoo","Olandria Loves That This 'Divisive' Fashion Trend Is Making a Comeback, and So Do We - Yahoo",fashion trend
gnews,news.google.com,https://news.google.com/rss/articles/CBMiV0FVX3lxTE5FcHh3blNkOVFrc1d3X254VnN5ZFk0aTNLZzF3b1FtX1V6ZnRTZi1zeXNqWTNXOHdjcHJzRzVZS3VHLXdFME1BRnIwbXkyNktudS12NjV2QQ?oc=5,1789974000,80s Fashion Trends: 5 Totally Rad Looks We Actually Wore - WBKR 92.5,80s Fashion Trends: 5 Totally Rad Looks We Actually Wore - WBKR 92.5,fashion trend
gnews,news.google.com,https://news.google.com/rss/articles/CBMibkFVX3lxTE1DUkpzMnNJVmtCbU1sY1pubFBPeEtFZXJJd1I3S0Y3cUpzWTFSX29GSFZPRUdzSVFKWUVPcUVBRFI3WHQ0NzFEa0s2bWhVTVlJOHpVUzZiWVdVR0wwLWxPeTBiUG1VdnFQbGgwcVZn?oc=5,1788850800,11 Fall Fashion Trends GQ Editors Expect to See Everywhere - gq.com,11 Fall Fashion Trends GQ Editors Expect to See Everywhere - gq.com,fashion trend
gnews,news.google.com,https://news.google.com/rss/articles/CBMikAFBVV95cUxNdW9fcnpNU2hpMFlmSkNNWHVPeFgwVC02M21qVVFhdEpoYU9zeVh0TXA1SUJIWmU4NGpNZE1qTHJneVZ5WWVhME1pRzYtTUZMQm9pd3QtMFVQbEJGWDVnZWlsQ1hEbGRDNC1QbHhGWGtXNkhSVTZHT0hCdlFKZnBFZ2NZNUhrcjJDaUZUbFBNOEU?oc=5,1788937200,6 Fashion Trends Stylists Agree Are Past Their Prime—and the Easy Fall Upgrades You Should Make Instead - realsimple.com,6 Fashion Trends Stylists Agree Are Past Their Prime—and the Easy Fall Upgrades You Should Make Instead - realsimple.com,fashion trend
gnews,news.google.com,https://news.google.com/rss/articles/CBMitAFBVV95cUxNLTFPbkwxLTJBQ1BDc013a0FyclNoM3VXd1I4RnZYWUVHS3pfcWVWdWRKY2NQckVDN2t5M0toVEQwODJoMEkwX2hJUDdWTU1RMjVsdDBJbjNtNGo5NFVQSFlBNnJUdWRmcDFJd01NMXZpZHlvb25ZNGNEWGFhUDBqXzdPdm00RUFxUUUyVDNhcmh6SFNaeEg5cGcwSENERExLR2xOR2txLVBMWE50c1JhOHpmUWQ?oc=5,1791162291,Dopamine dressing tests if clothes influence mood - latination.com,Dopamine dressing tests if clothes influence mood - latination.com,fashion trend
gnews,news.google.com,https://news.google.com/rss/articles/CBMiZkFVX3lxTE1YTmRfRXNEc2lzNF8zMDVGdUMyZ0VHWE5wV3l5dWZBb0Z4YmhtSmRKMlR3SnhKUi05THJkRjNqR1U1QmZIS0lFR1NmR19mRk9KamFyajd4Nkw1bFRJdG1hZFV1Skt5QQ?oc=5,1790582784,From Runway to Demand: How Designer Fashion Trends Become Demand - Heuritech,From Runway to Demand: How Designer Fashion Trends Become Demand - Heuritech,fashion trend
gnews,news.google.com,https://news.google.com/rss/articles/CBMingFBVV95cUxQR25kNjh3N2hEQ1lSQllBMW1DaGJRXzYydUZXZ3hVczk2SF81em9xYWRHSEI1UUNjVzRtc0poVmQ3dnBtT1pjU3JrNlhOZnJEY05IOWJ4NHVzV1RfT0o4blZjQkk4dUZ1WHpndlBRcWRCWlV0OFpyY0FlZk9HSEFwcVFQNUhaQUY5b0RwYzJOZEdJTlJwdC1NcVhKemdNQQ?oc=5,1791100800,"This preppy, party-ready Boden jumper is the ultimate autumn outfit upgrade - Woman & Home","This preppy, party-ready Boden jumper is the ultimate autumn outfit upgrade - Woman & Home",fashion trend
gnews,news.google.com,https://news.google.com/rss/articles/CBMilwFBVV95cUxPc3dlOE02cGY3VlpVQU1adkJYaWlteUt1TkhDdHQ4alI5N250ZGhHcTdELTJfOWlSSjJUbHMyWHhrMmZQM0txbFI4dUdYN294Szctczh3ODVxVTRmdnB1SjJXV1BGckJFTE15TE9TQmphZGh0TjduMS1BLWxkaFdRN2l2a2pmTU50T1otci1yOVB5aXpCVkRN?oc=5,1788850800,"The Fall 2026 Trends Are In, and They’re Heavy on the Whimsy - Cosmopolitan","The Fall 2026 Trends Are In, and They’re Heavy on the Whimsy - Cosmopolitan",fashion trend
gnews,news.google.com,https://news.google.com/rss/articles/CBMiowFBVV95cUxQNFI0eHNtSXhKSGJpdmdGREluU0NBZFhiTFpROG9SZnI1OWtMcTZPeFl3NzhXNjdOeDE3NkFnX042ZUxQQUZROGFNRmw2aGJ0QTI5d3hQcHNiUUVwZGY2djhRTGlST1dhOVZ0X2hKdlIwSmwwTWlnVVVza0NDUGNJdndRdEpZZkZvRHFQV1RLeVExWFhVUVhTSHp6ZnQwcE95QW800gGoAUFVX3lxTFBnV19saDRnUElNdHgxenhiNXAzaWVpeS1TR01UcjVHQXZmQXhQMmhldFcxcUJCUnN4SlVhTXY0ck8wS19BdVFMUk80dE5UTnhZeHJQMWRiNFZIVGFmUW5nN3B3LTJiTVE1bm5IblN6YXZhRGJRdVNlSE5zZHg3Sy1JeE4xZjl2RHBIY1B6N2JpOFNXczhUeExQaENoNkUzdHlKTzRsel9qXw?oc=5,1791178462,"Cobalt Blue Is The Colour Of Winter 2026, So Adjust Your Wardrobe Accordingly - ETV Bharat","Cobalt Blue Is The Colour Of Winter 2026, So Adjust Your Wardrobe Accordingly - ETV Bharat",fashion trend
gnews,news.google.com,https://news.google.com/rss/articles/CBMidEFVX3lxTE9rZzNrc2FOQ3JKVEdTMnpBbHg2UzlpR3piQWszeFhreHdVMEh1ZWxJSGRwSm5rLXJHTWpmeTl0bTVkdERCRWpPUnlnV044ZlliQVktLWwxT2Z6Y3JVUlQ1NkNiSUNMNTZyZ21sTmJXU2pfVXBL?oc=5,1789455600,"I Live in Texas, and Every Stylish Southerner I Know Is Wearing These 5 Transitional Trends—From $10 - instyle.com","I Live in Texas, and Every Stylish Southerner I Know Is Wearing These 5 Transitional Trends—From $10 - instyle.com",fashion trend
gnews,news.google.com,https://news.google.com/rss/articles/CBMiX0FVX3lxTE9hOG0zREtzVlRVTGhScXFWRUszbGZIaGEzbnhvR3RsN2RRbmI5LVZOZG9OMUloSTBtQ3FmT0FjVVNzVnA4R0FiQzhEdC01UU9WVVZYR0x2UUM1cl8wVm5r?oc=5,1789052540,6 key autumn 2026 fashion trends to know now - vogueadria.com,6 key autumn 2026 fashion trends to know now - vogueadria.com,fashion trend
gnews,news.google.com,https://news.google.com/rss/articles/CBMiXkFVX3lxTE1ZYmRZbkM1UUJxV2lMVXFuaDlmV2puVnZZZE9jUS1IVkNVYXQ0cnBRaGhBU2dqeE9mMmVfMDRHU3pfaEJzeFUyUFRnNDdUZVdpMk1lalk3ZmROT3dVMVE?oc=5,1789110000,"As a Fashion Editor, I’m Most Excited About These Fall Style Trends - Glamour","As a Fashion Editor, I’m Most Excited About These Fall Style Trends - Glamour",fashion trend
gnews,news.google.com,https://news.google.com/rss/articles/CBMic0FVX3lxTE05SDdJYkVvQjZYWHFrZmh3bDB1c0IzM1NFdFZyRWs5SmFHNlZIRTFUQ1R3dkRwbG9kNUFfczN1V2hKb1liX2tsdGhTNHdaeVQyVlBoVXlrbng2OXFPbk1BWGlEd0htUWJwNWx1WkNfZ1EzVXM?oc=5,1788591600,Collars! Cuffs! Colours! The 9 Autumn Trends That Are Coming For Your Top Drawer - Who What Wear,Collars! Cuffs! Colours! The 9 Autumn Trends That Are Coming For Your Top Drawer - Who What Wear,fashion trend
gnews,news.google.com,https://news.google.com/rss/articles/CBMitgFBVV95cUxOZnVVSUFnbGdaYmFIM0JzV0ZKUEFza1VBMEZ3WFo0ZkN2empkZlBmdnB3LV83VndQZlY0RmVzeU1sb1pSbU5mZXVsU3JFRlo5aEwxSGxxT09yN0hIQVRSNVN4MTNoUk0zNHBYQWFyQWt3YUdBb3ZXN1BNUjV1VDhKQjVhdkhpNVNEa0Zkd0o0a3YyWFdRbXQwVkpLYmFDN1UxWDZsSEFta3NNOXk1aHRIVW4weGtGZw?oc=5,1787611940,The New Fashion Trend: DIY Clothing Repair - WBOC TV,The New Fashion Trend: DIY Clothing Repair - WBOC TV,fashion trend
gnews,news.google.com,https://news.google.com/rss/articles/CBMijgFBVV95cUxQR1lySllzeF9QbVdGUXhkRExQQ3VORWJNYzdlN2NGTWoxamplUDV3WXhLLW5lV21jYmUyWmd4WFJCOUNxSnNUZXl2MTBWVl9yWGU1NUhHM1ZvVVlyT1hwOEl2V0U4SW8yYzc5Tk1xU0dweFVneTlVMFhXWFNlMENSYjBnRE5aZGVHMlpkUENn?oc=5,1790233200,QUIZ! Which Fall Fashion Trend Matches Your Vibe? - Girls' Life,QUIZ! Which Fall Fashion Trend Matches Your Vibe? - Girls' Life,fashion trend
gnews,news.google.com,https://news.google.com/rss/articles/CBMilwFBVV95cUxPLVZqaFRDWXdnQU0tSnRkTXp2X2lvdS1pU2dpaVBEaTJwVGgtODFRZUkzZ0xHa0hmSUtqSWNYZlVlRlhLNkt4aVNRTGo1NG5LT1RMR2dYS0RGRlQ5NjdPak11X3JBQkhDaURkWjNXZ0N3MDJpY2NPNUI4OEhLa24tOUFRVG1nNXhHSEM1TWQxbUR0eXBiWXNz?oc=5,1789110000,"I’m a Fashion Writer in NYC, and Here Are 10 Fall Trends I’m Seeing on Every Block—From $30 at Amazon - Travel + Leisure","I’m a Fashion Writer in NYC, and Here Are 10 Fall Trends I’m Seeing on Every Block—From $30 at Amazon - Travel + Leisure",fashion trend
gnews,news.google.com,https://news.google.com/rss/articles/CBMivwFBVV95cUxQS2RjOGYxMHJsaC1KeUFGS0V6T0pBc2hES2JEV0JhUkE5bDhxUkhLQ3BRY1NKemN4X1JpZ3FsWU1McTljZVNaMEtfOEd5N1Zsc3ZzY2wyM2xfTFljb1NXWWZkdnNxTnpiVDNTOEg3d24wQkdJYVhnOVdDMExNSHZTVXlpd0ItS3RDUVpvckxYUFB0YUdxeXZJNkJabDZUV1VmUU9sOEhRTmxSUW5QOFpUR0dURTNZdUowUzdXN2hIVQ?oc=5,1788937200,Best New York Fashion Week Street Style Spring 2027 Photos - WWD,Best New York Fashion Week Street Style Spring 2027 Photos - WWD,fashion trend
gnews,news.google.com,https://news.google.com/rss/articles/CBMinwFBVV95cUxQWGJTNi03Z1lINzlzVm9SVGZDaXByMk5DVzQ0ZFhQWG00R2lUVUo0MldRZkZqVlVLUEZybFFxc1BjUlc0Q29Pd3A5cFpHREhIalNiNWE2eG9aS2hIWjUwb201d0ctUXU4U0UzQjJIWjBnVEJCdWQxT2FIVnI5aG9zRmJVUmNWM3dmd3dBVDNuQXRKZ0JVejN6OUxDNFJ2RTA?oc=5,1788418800,Sydney Sweeney Makes a Case for Divisive 2026 Fashion Trend at Venice Film Festival - Sports Illustrated Lifestyle,Sydney Sweeney Makes a Case for Divisive 2026 Fashion Trend at Venice Film Festival - Sports Illustrated Lifestyle,fashion trend
gnews,news.google.com,https://news.google.com/rss/articles/CBMimAFBVV95cUxOOEd1bnBSSXphWjlvbTBtZ042LUd4RWRud2pWcEFnMnFYOERyLWhyTzR6cXhMUDgxb08tXzNpV21LbmdCTHZWMFNubHE3bUYtYURmaUR3UUh6UUI5dHMybWlEX3poWnFQWmh3U0FaZXNLSzNuMEROTnhhNUZ5MDluQXNZeDhfMHh5QWRhckFaWlRrTzN1OE1qTw?oc=5,1790413370,Meta Glasses: Fashion trend or privacy nightmare? - Sky News,Meta Glasses: Fashion trend or privacy nightmare? - Sky News,fashion trend
gnews,news.google.com,https://news.google.com/rss/articles/CBMihgFBVV95cUxPeVV5WjVaWG5tY2FZWGVwZkFpanJUMGxsVXBOeU9RMHNQVTNVUjF6SlVlR2NBaExTWDNwS2RkX05oOEtuZVBDX0dfczZiMXM2S0NUVVdSQTFhRldDMWU4WDVfVGdBT2pxbDdVd1BxS0dXUEN4YUNVeXFMbE9TZHk0c242Z2Y5Zw?oc=5,1789369200,Carolyn Bessette-Kennedy’s ‘90s Capsule Wardrobe Is My Blueprint—6 Chic Looks to Recreate From $20 - instyle.com,Carolyn Bessette-Kennedy’s ‘90s Capsule Wardrobe Is My Blueprint—6 Chic Looks to Recreate From $20 - instyle.com,fashion trend
gnews,news.google.com,https://news.google.com/rss/articles/CBMigwFBVV95cUxPd1JhbzVsbzlBZC1JN2g4Z1lvVVhEVmFfWUJlRVpaZmlWZkEwQ0hycDdpd1lVaDJydXBiejZ3V1ZvRDZlSHBzZUs1UlBMc2lzdHdRcWxOMnpUR3dqaE5Xa0pQWWJCbUhGWHI1SndmZjMtdDJITUpGQ2JpZFlEQWZ5QmdpSQ?oc=5,1788764400,Doll Dressing Is the Playful Fashion Trend Made for Your Inner Child - Yahoo Lifestyle Canada,Doll Dressing Is the Playful Fashion Trend Made for Your Inner Child - Yahoo Lifestyle Canada,fashion trend
gnews,news.google.com,https://news.google.com/rss/articles/CBMibkFVX3lxTE1DUkpzMnNJVmtCbU1sY1pubFBPeEtFZXJJd1I3S0Y3cUpzWTFSX29GSFZPRUdzSVFKWUVPcUVBRFI3WHQ0NzFEa0s2bWhVTVlJOHpVUzZiWVdVR0wwLWxPeTBiUG1VdnFQbGgwcVZn?oc=5,1788850800,11 Fall Fashion Trends GQ Editors Expect to See Everywhere - gq.com,11 Fall Fashion Trends GQ Editors Expect to See Everywhere - gq.com,streetwear trend
gnews,news.google.com,https://news.google.com/rss/articles/CBMifEFVX3lxTFBJVGlfZndJczJzNjZOZ21LcmRtdFJ2UU9tcDZZWDhaaG5mS0NZOEpJMFNrZlJGaml6Nk55RmxaWnBURVB4b0NHMzJ0N25Sdk1DV19ILUVnYUlNZWJOX2Q0Yno2UkExQ3F5a0tJT1h0LUZ6RDMtbFlEdV8wMGw?oc=5,1791233288,This Cozy Coat Trend Was All Over the Fall/Winter Runways - ELLE,This Cozy Coat Trend Was All Over the Fall/Winter Runways - ELLE,runway trend
gnews,news.google.com,https://news.google.com/rss/articles/CBMinwFBVV95cUxQa1NDOVRaZm5iM2V0alhObDBFY2o2MHRZSGxvY080MmY4MTRFenNWMGpBcm1Pc1J0YVJXYlBxNXBoT0xHdVF6MEdEV3NxZ1BhMGduYWhneFUyNlJBTjdIMXg5TVUwY2pkNGtYZC1yYnFkNDhOdnQ5TXo1LTJqYjM0Q3lLaWxielFxblczWjN3YWtUOW9ueHRIYmNicTU1cUE?oc=5,1791216469,5 headbands to recreate the Miu Miu Spring/Summer 2027 runway trend - Hashtag Legend Hong Kong,5 headbands to recreate the Miu Miu Spring/Summer 2027 runway trend - Hashtag Legend Hong Kong,runway trend
gnews,news.google.com,https://news.google.com/rss/articles/CBMid0FVX3lxTE9ZNFZOYjJxNEhrUmRWeEJEWERUZ0dfZ29ZaEhtemVPZlk3cGF4ZWhKcXA1ODRER2ZHUVB5OUpqUjBYUG9ldTFpcENMY2pmdXhlaDBWMVdYaGZlbWY2dHFBWlVhY0RqRFY5TEZhbVFqYXlKWGhsT2Fz?oc=5,1791181800,The Chicest Women in Any Room Are Wearing This Elegant Yet Very Cool Trend - Who What Wear,The Chicest Women in Any Room Are Wearing This Elegant Yet Very Cool Trend - Who What Wear,runway trend
gnews,news.google.com,https://news.google.com/rss/articles/CBMiiAFBVV95cUxOOXhUR3pCZ3RyUVNGUWNxSXpCS0UzWktpMzQzVl9URWlNNTJxUjBXQTNxT0JtWWpkX1JnOXBkeHJiNEhyY19zT0hrV1pfMVYtLVM0Nng1MEFKbExzaGZPTHNBdG5TMkkwelFsc181V2JUZ09UTW15dkVtQzdHeElEMUtweS0wOThx?oc=5,1791216032,Paris Fashion Week 2026: The 7 Hottest Runway Trends — YH - Young Hollywood,Paris Fashion Week 2026: The 7 Hottest Runway Trends — YH - Young Hollywood,runway trend
gnews,news.google.com,https://news.google.com/rss/articles/CBMihgFBVV95cUxOcF9oeHlTU256TlNhbnV5TlBIcl9HRWloQl9LOHNlWUFXTnBaU3Y0WEVqbUNRMHhqZmstWXFaUWEzbkxNSUlPOUJ4S0dlb3Zta09yNkIxMV96OWVMU2h4cVVnY0VDNWk2Z1BLcDFvZ0x5aWJVbXlpQ1pWcWZBYm9ZSGtwTk9IUQ?oc=5,1790877600,The Biggest Beauty Trends from New York Fashion Week - instyle.com,The Biggest Beauty Trends from New York Fashion Week - instyle.com,runway trend
gnews,news.google.com,https://news.google.com/rss/articles/CBMiqAFBVV95cUxPd3lEZHV2Q1k0bnZ3Q3Zra1hpMGdsMFJjZ1VYOUI3TUpkVTE3THdFY2gxbjFBRTJObXh3NHlEVVg1ektkY0Zsb0ZXSW9wdGthVXh3SHFUN1ZjbHBPREZJdjM3Q01SbHJ0S215aXBrSUZYRmVZNTNFenRsWlBxcExMUWM0eFgtazR6a2tOQ3lMc3dkRDZRa2NyYXpmV2ZIZGhrVFpiWkJ2MGQ?oc=5,1790962239,Stevie Nicks Revives a Bohemian Fashion Trend for Fall - WWD,Stevie Nicks Revives a Bohemian Fashion Trend for Fall - WWD,runway trend
gnews,news.google.com,https://news.google.com/rss/articles/CBMifEFVX3lxTE5ZY09LSFo4b3Z2ZVBQeS05SWtkOW9aTXVIRnNCQTkyNDU2RldmSVlsSHBmUGZ0RTdlWkwtTTJsRHhLZXptdURXMUFMQUt6Vzc5N29FMUJSV2hBeVIydG1wWmFKSkpzSWloZFgxWWlzbHpBb3VJa2RMUGFYSkk?oc=5,1789714800,9 Spring 2027 Trends to Know From New York Fashion Week - fashionista.com,9 Spring 2027 Trends to Know From New York Fashion Week - fashionista.com,runway trend
gnews,news.google.com,https://news.google.com/rss/articles/CBMibkFVX3lxTE51MTBuZTdHTm9KV19Cc05wYW5yVEhLbllKZW5WX3NYQ3d4UWFGQUY4NmhUUkNfcGpUWEd0cmpKeUMySVR0cUV3R21SeWNsdTg4SS1CZHhCYWRLNDBfTEs4VmxqcjNTUFNHWmloNlFB?oc=5,1790608872,6 Key Fall 2026 Fashion Trends to Know This Season - Vogue,6 Key Fall 2026 Fashion Trends to Know This Season - Vogue,runway trend
gnews,news.google.com,https://news.google.com/rss/articles/CBMimAFBVV95cUxQRGxfT3h4T0lrYjBELWFSMC01X2trSmFGUE9zQk9yb192bW1Yd2dKZ1huSFE4Y3hmU0hhemZLUU1BbFM0QXRLRzU5UHhMal80SXRTV1FnaXRRYmhJMHN6LVFlazMtc08yQTBPY2pWZHlMem1GM1lubVk1ZGdheUczdjZCVUFaX04tUENqd3N6cEVnZVRLZWttNA?oc=5,1790625801,I Saw These 3 Trends on the Runways—Now They're All Over My Fall Wardrobe - marieclaire.com,I Saw These 3 Trends on the Runways—Now They're All Over My Fall Wardrobe - marieclaire.com,runway trend
gnews,news.google.com,https://news.google.com/rss/articles/CBMivAFBVV95cUxPdUduNWtzdlZydERxXzFGTFlTZVdhUmJQVVVOOWVhSnoteTZjLVUyUjJ5bll6WmFOYmJscUJHNTQzOFRjZWVMSmRYblkxM3JTZ1p3dFhwc0tZbjc1bXpaV0pxUFVkN21IVU1DaTlWcks4SkxONWZIMEljaE9HbUx5ZTNyYk1Nblp1QS10TVhxLXN2OXJkNXFld0I2bEVoSmFHd21wUEdzNDl2Y3plQlZLRWtBWFgtTHpkSS1KNQ?oc=5,1789974000,How Silicon Valley helped turn secondhand fashion into a $240-billion boom - Los Angeles Times,How Silicon Valley helped turn secondhand fashion into a $240-billion boom - Los Angeles Times,runway trend
gnews,news.google.com,https://news.google.com/rss/articles/CBMiigFBVV95cUxQaVpYZVZSOUVublVONW9PODhxT2JOSW9kSjRTMVJGREs1d3JvdlFVc0g4dG9FZHBLTkExQkpUajZYRDh4WkVPMGpzQmR3YTNFZzFRc2hMLUZOR29tLUJOSGpjdl81NjRsTUdIalV3Q0p6ZTAyTEl6MThGWjduTVVtUnNZeTVXWjNYRVE?oc=5,1790838000,How to Pull Off Western Wear in the City - Harper's BAZAAR,How to Pull Off Western Wear in the City - Harper's BAZAAR,runway trend
gnews,news.google.com,https://news.google.com/rss/articles/CBMifEFVX3lxTFB4dVplVW1xY19PSVBuSkgzZEVfU3VHZGVMcFJybDEwaG9BRHplQnd3ZTV1YjJ3Y3liVTQ5eTNBQWQ0eWlfXzkzenp5WFp2LU5KMUtFdW94X3FzR2oxRzAxX0haUWxKMzFCeXNGVUZHWVViMG9GcW4zZXktQXo?oc=5,1790920800,"Bodycon, Sequinned Trainers and Trapper Hats: 6 Autumn/Winter Trends I Didn't See Coming - Who What Wear","Bodycon, Sequinned Trainers and Trapper Hats: 6 Autumn/Winter Trends I Didn't See Coming - Who What Wear",runway trend
gnews,news.google.com,https://news.google.com/rss/articles/CBMigAFBVV95cUxOcWhJQ0xocHlLeTlFYUUzWHJTeG9jcVMwb0R3eG9DUC1IbVhVSmNBd1RJRDVuazBEVDhkcWZoVUhPWUk1Y3M0aTUzbjh5Z0twaGNEczN3Z2JjYWdtcjdjejVKaVBQUUtFS1J5cElOOXNXcWl5aE5xNTl5Zm5ha19xeQ?oc=5,1790943090,Balletcore Isn’t Going Anywhere: It’s Evolving - ELLE,Balletcore Isn’t Going Anywhere: It’s Evolving - ELLE,runway trend
gnews,news.google.com,https://news.google.com/rss/articles/CBMiZEFVX3lxTFBlR1gweFNKVHNnT1YybU0tTmx2b2NMX3FPYmEtTGt1dFhnV2d4ck5wdnk2aFBXUVVVUUlFdjE0UmpuRUpaSGNqUENSNWZqb2JTU2V1ckpKSTJCNUcxTWt1Y0xjWWk?oc=5,1790800371,7 Key Fall/Winter 2026 Bag Trends to Know and Shop - Vogue,7 Key Fall/Winter 2026 Bag Trends to Know and Shop - Vogue,runway trend
gnews,news.google.com,https://news.google.com/rss/articles/CBMiigFBVV95cUxQcHp6dHVUY3RrMWhGdE9rLU5xQXoxTmVkWG04SFBNNmlUNnVuZXJuQkdlWEpfOThNTFI5RWxNS1FvVmVxS1pQNWF2a0lVMlZmWjV4QkdwaFZaVXNoa1UwMEZWeWFHVE9abDVpRFV5NGNCTnR2ZU5XMUlJSVV1MUh1cEVTZ1pTdzJXSFE?oc=5,1790930306,7 Early Winter French Fashion Trends to Take Note of Now - Who What Wear,7 Early Winter French Fashion Trends to Take Note of Now - Who What Wear,runway trend
gnews,news.google.com,https://news.google.com/rss/articles/CBMihwFBVV95cUxPWEVUNXM3LTZEdTlYZVhUb2lOdS03OGJLcUJsWXVCMVo2LTdHX2t5TnRtd2hzbWZxbHFMQjJXeHVXbi02NEd6eFdsNlh6MUFBYXFkUTQ4Ty1QT0M3bzFXWEluaUxOY3VtZnEzU2xTdF84ZGk4SlBkOWt3eUpWNWdsX2lsTVM3b0U?oc=5,1790319600,"Forget Minimalism: Stripes Are Everywhere, and They Go With Everything - ELLE","Forget Minimalism: Stripes Are Everywhere, and They Go With Everything - ELLE",runway trend
gnews,news.google.com,https://news.google.com/rss/articles/CBMicEFVX3lxTFBtdmMxY3UxRkVGNVJEWFVNN0ZVRU8wbEpVU1JlX1lwZnBkQTVlOEJlVnFKQndTVWg1aUhUeVBHVXpTZlQwS0ZzRDY4alJWeUNtVVo4X3B3X2VBYVJ1MFN2c0t4LUlyTGN6VFppdWk5NUE?oc=5,1791091800,8 Knitwear Trends to Have On Your Radar This Season - Who What Wear,8 Knitwear Trends to Have On Your Radar This Season - Who What Wear,runway trend
gnews,news.google.com,https://news.google.com/rss/articles/CBMiiwFBVV95cUxQOC1Hdk5sU01yNUVUejBQWW5fcXFadVpYSDhZVHVvSWRLLVJWbFRmUmhiRFlWank3cGt4NXNudkV5cDYtMEhSX3BaVU92SGc0bVRDVWxCMlVEams0ek5yaWtjUlNQUWhJSUptaDE5SmYwblpWdzBRNmtTNkkwREJ1SG00eHo0TnR6QlpZ?oc=5,1790984490,Dakota Johnson Wore Fashion's Favorite Fall Skirt Trend to SNL Rehearsals - Who What Wear,Dakota Johnson Wore Fashion's Favorite Fall Skirt Trend to SNL Rehearsals - Who What Wear,runway trend
gnews,news.google.com,https://news.google.com/rss/articles/CBMihwFBVV95cUxNUFI2OUpNVnVsV21HeVJPMGN5VkptOEZwcXJNWjc0UWpuWVFsVU04ZWg2THhadXk5M2I5T2l2cFZCNmI4dGdnbFg0X3ZUUFhzTTVhUm9TLXhLeGNNNnBIaFp0TTFTS1BEbFBGTjA4WWpuVTZBMlQ4bTBGSVdidVBPMnFXOHc2OUk?oc=5,1790766000,Every Fashion Trend Worn in the F1 Paddock in 2026 - Who What Wear,Every Fashion Trend Worn in the F1 Paddock in 2026 - Who What Wear,runway trend
gnews,news.google.com,https://news.google.com/rss/articles/CBMilAFBVV95cUxQSTAwWE9udGRmeWNVRFdTZGlJU0FPaVctalFTWml2ZDV4MnFuc3J2N1p2WHNLNFFGenZ2bG1TcHVSTUVIeU1ZOWJTNzBqcUJqd3VQVkF4V2pTc1YtNHI0cEZMT0lBZG5QQ2lxSzl4el9mdWFfdEZtNjJwVmpPclJ1TWxFQ3Y1Q1l4enh4bE56NDRtWlcx?oc=5,1789628400,The 9 Biggest Trends From New York Fashion Week S/S 27 - Who What Wear,The 9 Biggest Trends From New York Fashion Week S/S 27 - Who What Wear,runway trend
gnews,news.google.com,https://news.google.com/rss/articles/CBMioAFBVV95cUxOSEhjWFBxcmhGaEs3X0RiWVFHeExJUVBISEQwRERiUGhQVzdJX19qN3BIYTM4REdnN0NLSXR3ZTZ3OWxmWF9HQndmV2M0VlhZY1dNa0QyN09sdTh3a2xQNHdubG1PN29PZGFxMjZ5M2syc01WT2NQSEJueDhrYi11akJoQlpMeVdnSmU5LVljTXRLSXZ2b0pFRXh4T29PYUt6?oc=5,1789369200,The Barefoot Trend Is Everywhere at New York Fashion Week - ELLE,The Barefoot Trend Is Everywhere at New York Fashion Week - ELLE,runway trend
gnews,news.google.com,https://news.google.com/rss/articles/CBMilgFBVV95cUxPOWNxX2wzN2dxcmVucU1fN1VHaXJSSkRMZVZ2bGtmc0ZsSEpRNGlCMlljdWlQODVUN2FldVp1OGswMXEtQm1aV1gxaXcxV3BWT3lYeGJmQlNnNHlVRzRWbV8xYTNfdGtGNFoyNHFNYlZKclNwbElhZVc3NnRWcVNkM3dXMklJOHpHYUJPcWdIU241VXBJUkE?oc=5,1789369200,7 New York Fashion Week Runway Trends That Are Surprisingly Wearable for Fall - E! News,7 New York Fashion Week Runway Trends That Are Surprisingly Wearable for Fall - E! News,runway trend
gnews,news.google.com,https://news.google.com/rss/articles/CBMiowFBVV95cUxNdGpGaXh3RWFEMGRHcTl6dmpYaGkwN0FWUGhpVklpOWZraTY5cVlvQ2pzU1N3bGZKYlR3S2t1bi1IbWl6UWhDWGR4TEpIWGV1RGFTSXpnOFlxdUlaY1lNX1c2V2xWUmZPV19aRTBlaVh2R0EweG81akFxTFFJcy1CYVpUNm5zeTJhSnlaV0xMb25Eci1TNkl6cDg4ZlV0Y21sejgw?oc=5,1789455600,The Biggest Spring 2027 Trends From New York Fashion Week Are Surprisingly Playful - ELLE,The Biggest Spring 2027 Trends From New York Fashion Week Are Surprisingly Playful - ELLE,runway trend
gnews,news.google.com,https://news.google.com/rss/articles/CBMi5gFBVV95cUxQclFQamI1c1l5cEhNb2VGTkw1bnlYeVFjdHVQUHJuYVgxUGNXQnZJR1JnRFFQS0ZZNW15UUE2SlR1cWlvZk9OcENaQ0dDRW1NTzFJa21CbnFrSnc0ejZtcXd1SUduZ1gwN1JVVWpQN0VNS202aDkwRC1STzFKZGhaNDEweC1wc2otR3AyMGlsa2dvd2QzMV9vT003SC1yaEtXanUwTHF0YXkwUlV1RjFldmV5VllzZWlSTmFMS183Wko2blBsdjZiRWdJdjd3TzU0eWpTSTA1N0FITTRrUkpkMTNOaXZ6dw?oc=5,1790812626,What Is DisneyBounding? The Disney park fashion trend you need to know in 2026 - Yahoo Creators,What Is DisneyBounding? The Disney park fashion trend you need to know in 2026 - Yahoo Creators,runway trend
gnews,news.google.com,https://news.google.com/rss/articles/CBMinAFBVV95cUxObHJJREQ2RkhkeFNnY2kwNENoWWRKYktsQTB1OWxGNGdYMnZEeFdPenpjcXdpTE9NWHpJaS1BZmdadFRwYWtMdVpTNjJ1VWdUbTFfQ05FWjhPZ3hLTmQ2ZjFZaHhIQUJKMFdtekFGZFZOYmNsR0dqaGpjUkE4SkRkd196Y2ZjeEVXYTZLUW9HZldfSU1QcC1QLU8ycjM?oc=5,1789801200,Coco Rocha Reveals What She Considers to Be the Most Overrated Fashion Trend (Exclusive) - People.com,Coco Rocha Reveals What She Considers to Be the Most Overrated Fashion Trend (Exclusive) - People.com,runway trend
gnews,news.google.com,https://news.google.com/rss/articles/CBMiZkFVX3lxTE1YTmRfRXNEc2lzNF8zMDVGdUMyZ0VHWE5wV3l5dWZBb0Z4YmhtSmRKMlR3SnhKUi05THJkRjNqR1U1QmZIS0lFR1NmR19mRk9KamFyajd4Nkw1bFRJdG1hZFV1Skt5QQ?oc=5,1790582784,From Runway to Demand: How Designer Fashion Trends Become Demand - Heuritech,From Runway to Demand: How Designer Fashion Trends Become Demand - Heuritech,runway trend
gnews,news.google.com,https://news.google.com/rss/articles/CBMihwFBVV95cUxOcEFmWDFiRE8zYjk1Z0N1a0tpcU9fOXZySU1EeWlpV0RyYzZvdHQ3TU5IdlRDemNqMjFjSXlsWnBpMDdHdkxOMzc1cXpJaVhsQkc3V01PMFU2OUdUMEMzYjMtTE5aSlY4TGdJSEV2cTNPekdRSkt1bjlfZVh6TVBRTE9Va29FdHM?oc=5,1789887600,"Twiggy, 76, Reveals the Look She ‘Rarely’ Wears and the Fashion Trend She’s Stood by for 60 Years (Exclusive) - People.com","Twiggy, 76, Reveals the Look She ‘Rarely’ Wears and the Fashion Trend She’s Stood by for 60 Years (Exclusive) - People.com",runway trend
gnews,news.google.com,https://news.google.com/rss/articles/CBMihwFBVV95cUxNZ3pIbjRaclg5a0NMVVZIYjVZVUxHUXM0V3RBWVRCNl9oU09EaW1zeUJuMGJENHUxUl9QVm82Y0xORV8wRGdhNDNsX0tVbEQ2Sk5jMElldC1KMlFZb2kyWWgycjFzY0JmbDJaR2diY09KSmJMUkwtblBPdkpOV1hIcVZFS25aTmc?oc=5,1789023600,"Not Simple, Not Minimalist—In Fall 2026, It's About This Lavish-Looking Fashion Trend - Who What Wear","Not Simple, Not Minimalist—In Fall 2026, It's About This Lavish-Looking Fashion Trend - Who What Wear",runway trend
gnews,news.google.com,https://news.google.com/rss/articles/CBMigAFBVV95cUxQLW11MDJySzFjMEktZ3psdTl0bXhoSjF3ZjZlamctbHZQaXlUWlo5VVgxU3BpSFZkRDZUaDl5TzZZU2dzaDhnYzVtRDB2blJmbFJ4WVJ4bXctVjhaTEhGS1dRNjZZdGNldjdxYUlVUmgzc3NoTXVobVp4bUM2aDI5dQ?oc=5,1789455600,I Saw One Color Everywhere at NYFW—and It Wasn’t Burgundy - marieclaire.com,I Saw One Color Everywhere at NYFW—and It Wasn’t Burgundy - marieclaire.com,runway trend
gnews,news.google.com,https://news.google.com/rss/articles/CBMibkFVX3lxTE1DUkpzMnNJVmtCbU1sY1pubFBPeEtFZXJJd1I3S0Y3cUpzWTFSX29GSFZPRUdzSVFKWUVPcUVBRFI3WHQ0NzFEa0s2bWhVTVlJOHpVUzZiWVdVR0wwLWxPeTBiUG1VdnFQbGgwcVZn?oc=5,1788850800,11 Fall Fashion Trends GQ Editors Expect to See Everywhere - gq.com,11 Fall Fashion Trends GQ Editors Expect to See Everywhere - gq.com,runway trend
gnews,news.google.com,https://news.google.com/rss/articles/CBMieEFVX3lxTE9nc2ktNnQxVzlMTjl1MjR5MFYwSkMtVjI1Z0VhZlBLU0JqVlBjdHUyejJCVDV3OE9xYmF3ckhxR2VXLTk1Y3ZScXZfN0VPSU1ManFXYmFUWWxKTDN6cjFXTzk2OGxSVWxDOHIyeXZmRG9jUktfd2FIMg?oc=5,1790233200,The Vogue Business TikTok Trend Tracker - Vogue,The Vogue Business TikTok Trend Tracker - Vogue,runway trend
gnews,news.google.com,https://news.google.com/rss/articles/CBMiXkFVX3lxTE1ZYmRZbkM1UUJxV2lMVXFuaDlmV2puVnZZZE9jUS1IVkNVYXQ0cnBRaGhBU2dqeE9mMmVfMDRHU3pfaEJzeFUyUFRnNDdUZVdpMk1lalk3ZmROT3dVMVE?oc=5,1789110000,"As a Fashion Editor, I’m Most Excited About These Fall Style Trends - Glamour","As a Fashion Editor, I’m Most Excited About These Fall Style Trends - Glamour",runway trend
gnews,news.google.com,https://news.google.com/rss/articles/CBMiZkFVX3lxTFBrM0x0MDk1UlpoYnZGSEM5WWxlT1dGNGNQSVZoTUVmdkVOUlBOci1RYWxGRXJNQWVuZzBvWFNCQzJEYW9mWks4NWk5azdTQnczVGlCUWMzR3NkeGhtc0w5TFVVYUpNdw?oc=5,1789455600,FW26 Fashion Trends: What Consumers Will Really Wear - Heuritech,FW26 Fashion Trends: What Consumers Will Really Wear - Heuritech,runway trend
gnews,news.google.com,https://news.google.com/rss/articles/CBMiYkFVX3lxTFAzNGR3UHdfdzhLTVZRUVVlZmZ2LVhCN3NDdTZjN0hjQ0N3X1RrSVllbjUwSk1STkktOG05RjNPVDRwNnZON3FudWNpU2VJQ05Sa3lsNXVCUjYyUE9nUXZJQ1NR?oc=5,1790233200,5 Fall Color Trends You’ll Be Seeing Everywhere—and How to Wear Them - Glamour,5 Fall Color Trends You’ll Be Seeing Everywhere—and How to Wear Them - Glamour,runway trend
gnews,news.google.com,https://news.google.com/rss/articles/CBMiZ0FVX3lxTE9iRG5RQlZvQVJldXhNdWhHWld0UkkxWnMyQW8tMklnUTMyWUZmMXRRM19IVmMyU2lZRnVvQXlVTHU5Uk9xMW1JQU5aTE1qemtaN3dPaVlZdk10NHhidVFFUTl2ZlpLWU0?oc=5,1788850800,The Fall Fashion Forecast: 5 Trends to to Be Inspired by this Season - Vogue,The Fall Fashion Forecast: 5 Trends to to Be Inspired by this Season - Vogue,runway trend
gnews,news.google.com,https://news.google.com/rss/articles/CBMiYEFVX3lxTE80RjlMRHd4a1JxTGNuT2JmLTRlYVoxMFhMUm4xRUtoYlJmaGpTSnpmSDZzYklxanF0ZnhzeVRnX3lrVVRDdFRwU0dQd0tfcS12Ul8tYzB0V1lDVWhMR2ZpMw?oc=5,1789542000,Get to Know the Top Fall 2026 Shoe Trends - Vogue,Get to Know the Top Fall 2026 Shoe Trends - Vogue,runway trend
gnews,news.google.com,https://news.google.com/rss/articles/CBMisAFBVV95cUxNaGdTZDdYZGdFcjllNGJxaHR5d1p0cTJicmJ4Y1BGUDFvRjZOYnMtU0k2WEhoZWxJZ0k3T2RMaTN5c253MGRiZV9zMzVWZ2VERzFHbjZxX3lZWlplUTJORF9kTUFfWWdfanJ5eHMxdjdFVDB5SHpYR0tfcVFya2t5VEtLaVVoa0tEM3NYX2EwNHJKYldGbXZra2h6aEFEZTlrbWZZYkZLUFllWUk1RGZkMA?oc=5,1788937200,WGSN Launches Platform to Analyze Fashion Looks on the Runway - WWD,WGSN Launches Platform to Analyze Fashion Looks on the Runway - WWD,runway trend
gnews,news.google.com,https://news.google.com/rss/articles/CBMijwFBVV95cUxOYTVRVFRocW1TcmZOcEloM1VtWE44OG5ya29kR0s0TGFJQXBQZHBiWng4dElSZFprTjZyeW5WOFZtOHpUVHRBbklUYzZBc3p5bWgxMjVCYXdtVXI5T2ZqekRfVVItR09lSHNfb0l3NWVoNVRmM2FhVWhUSzd3cWVNTUM4TEZfRkZtMVMwN01GVQ?oc=5,1788850800,"These Are Fall’s Biggest Clothing Trends, and They All Say the Same Thing: Every Day Is a Red Carpet - Cosmopolitan","These Are Fall’s Biggest Clothing Trends, and They All Say the Same Thing: Every Day Is a Red Carpet - Cosmopolitan",runway trend
gnews,news.google.com,https://news.google.com/rss/articles/CBMikAFBVV95cUxNdW9fcnpNU2hpMFlmSkNNWHVPeFgwVC02M21qVVFhdEpoYU9zeVh0TXA1SUJIWmU4NGpNZE1qTHJneVZ5WWVhME1pRzYtTUZMQm9pd3QtMFVQbEJGWDVnZWlsQ1hEbGRDNC1QbHhGWGtXNkhSVTZHT0hCdlFKZnBFZ2NZNUhrcjJDaUZUbFBNOEU?oc=5,1788937200,6 Fashion Trends Stylists Agree Are Past Their Prime—and the Easy Fall Upgrades You Should Make Instead - realsimple.com,6 Fashion Trends Stylists Agree Are Past Their Prime—and the Easy Fall Upgrades You Should Make Instead - realsimple.com,runway trend
gnews,news.google.com,https://news.google.com/rss/articles/CBMigwFBVV95cUxPd1JhbzVsbzlBZC1JN2g4Z1lvVVhEVmFfWUJlRVpaZmlWZkEwQ0hycDdpd1lVaDJydXBiejZ3V1ZvRDZlSHBzZUs1UlBMc2lzdHdRcWxOMnpUR3dqaE5Xa0pQWWJCbUhGWHI1SndmZjMtdDJITUpGQ2JpZFlEQWZ5QmdpSQ?oc=5,1788764400,Doll Dressing Is the Playful Fashion Trend Made for Your Inner Child - Yahoo Lifestyle Canada,Doll Dressing Is the Playful Fashion Trend Made for Your Inner Child - Yahoo Lifestyle Canada,runway trend
gnews,news.google.com,https://news.google.com/rss/articles/CBMid0FVX3lxTE9yVVY5N0FhU0hnY18zbmdRMktVcjZsNXlaUTFnQXgyYWtHMjhzTTN1SVd4NHg5bnowczY0TE1wbEJ0WU9xbnN0QW1jbU1KMHIxN0NDcnlBdHRNaEhZbWsyOHllUTZfLUFUX3Q1V0M4VGRkVnNrRVc0?oc=5,1787641200,"Skinny Pants, Slinky Skirts & 5 More Trends Worth Investing In This Fall - nylon.com","Skinny Pants, Slinky Skirts & 5 More Trends Worth Investing In This Fall - nylon.com",runway trend
gnews,news.google.com,https://news.google.com/rss/articles/CBMib0FVX3lxTFB0X0hPU3Y1eWpLZ2NjYVI4a0R4T05hakc4bll1aGZWNzM0dnZmSHV2SFZCZWs0c1VISndoM0hSdHRwMnRWeEtEVVdKT0lwdFBxdGNaYW1nS2VWWGtOaW0yQTlBREpqaEEzS3VRWE9Cbw?oc=5,1787814000,Ahead of the Curve: 9 Fall 2026 Trends to Add to Your Wardrobe Before They're Everywhere - Who What Wear,Ahead of the Curve: 9 Fall 2026 Trends to Add to Your Wardrobe Before They're Everywhere - Who What Wear,runway trend
gnews,news.google.com,https://news.google.com/rss/articles/CBMijAFBVV95cUxPLVBqdDg1QWloV2d1UUZOWlUxR2M0TFJ5eHlfY09pYmxhU3J3TldRUWlKY3J1YTFISXlBYWs2eVZkS3hwXzVxcEpxdmF0VjRQN19oTk5xd0syM0ZPbGQ5S1Z4RkJ0SWhLUXRaNnpVOVFuQWJTVHJNal9pYWcyRFhtclBRQXVyVkZ2b1o0UA?oc=5,1789369200,An Unexpected '80s Fashion Trend Is Making A Comeback & It's Bolder Than Ever - glam.com,An Unexpected '80s Fashion Trend Is Making A Comeback & It's Bolder Than Ever - glam.com,runway trend
gnews,news.google.com,https://news.google.com/rss/articles/CBMif0FVX3lxTE1fcV9GN0tYYS1sd1JFWGJJWWx0QnlkWGF4dm8zZ21rVFdvZ2lzS0I0R0ZnbEZtSHpCaU5pbjE2LVRhNktpXzVoRVRaMWtBTTdFZUJyRUh3b3FETkNITGswd1piN3M1dlFTajJiR0FWejE4RGNHcnBFMzg3Z3picFk?oc=5,1787554800,5 Easy But Elegant Colour Trends That Will Dominate Autumn 2026 - Who What Wear,5 Easy But Elegant Colour Trends That Will Dominate Autumn 2026 - Who What Wear,runway trend
gnews,news.google.com,https://news.google.com/rss/articles/CBMitgFBVV95cUxOZnVVSUFnbGdaYmFIM0JzV0ZKUEFza1VBMEZ3WFo0ZkN2empkZlBmdnB3LV83VndQZlY0RmVzeU1sb1pSbU5mZXVsU3JFRlo5aEwxSGxxT09yN0hIQVRSNVN4MTNoUk0zNHBYQWFyQWt3YUdBb3ZXN1BNUjV1VDhKQjVhdkhpNVNEa0Zkd0o0a3YyWFdRbXQwVkpLYmFDN1UxWDZsSEFta3NNOXk1aHRIVW4weGtGZw?oc=5,1787611940,The New Fashion Trend: DIY Clothing Repair - WBOC TV,The New Fashion Trend: DIY Clothing Repair - WBOC TV,runway trend
gnews,news.google.com,https://news.google.com/rss/articles/CBMid0FVX3lxTFBkTlhVTTVaVGhQN3QtNVhRSGN5cGN3RUZiQ0pQTmJJTjJlZnJDM2VTc1MtcXlCSEw0ODZaUmtrNHhwdy1KVWFoOEI0enVOampZWW5hbFdrWDM5dEgxZ2tMb1Q4MWl3Z2ZJeDlnVkpXeFNTdFpIdVVj?oc=5,1787986800,17 Autumn/Winter 2026 Trends That Will Define Style This Season - Who What Wear,17 Autumn/Winter 2026 Trends That Will Define Style This Season - Who What Wear,runway trend
gnews,news.google.com,https://news.google.com/rss/articles/CBMiYkFVX3lxTFBfRjNlcHVzSE5NVkpKdjdObnU0MzRaMndfYldGeEtpOFJoNlFsZzVWZngzNmhDZ2xCVEh5ZkpFZWp1ZnhEdHRQemRKeWdpRFBLU0t1TUEzVlBOb2xIaWQ5SGt3?oc=5,1788332400,10 Fall Dress Trends That Capture the Mood of the Season - Vogue,10 Fall Dress Trends That Capture the Mood of the Season - Vogue,runway trend
gnews,news.google.com,https://news.google.com/rss/articles/CBMinwFBVV95cUxQWGJTNi03Z1lINzlzVm9SVGZDaXByMk5DVzQ0ZFhQWG00R2lUVUo0MldRZkZqVlVLUEZybFFxc1BjUlc0Q29Pd3A5cFpHREhIalNiNWE2eG9aS2hIWjUwb201d0ctUXU4U0UzQjJIWjBnVEJCdWQxT2FIVnI5aG9zRmJVUmNWM3dmd3dBVDNuQXRKZ0JVejN6OUxDNFJ2RTA?oc=5,1788418800,Sydney Sweeney Makes a Case for Divisive 2026 Fashion Trend at Venice Film Festival - Sports Illustrated Lifestyle,Sydney Sweeney Makes a Case for Divisive 2026 Fashion Trend at Venice Film Festival - Sports Illustrated Lifestyle,runway trend
gnews,news.google.com,https://news.google.com/rss/articles/CBMijgFBVV95cUxQR1lySllzeF9QbVdGUXhkRExQQ3VORWJNYzdlN2NGTWoxamplUDV3WXhLLW5lV21jYmUyWmd4WFJCOUNxSnNUZXl2MTBWVl9yWGU1NUhHM1ZvVVlyT1hwOEl2V0U4SW8yYzc5Tk1xU0dweFVneTlVMFhXWFNlMENSYjBnRE5aZGVHMlpkUENn?oc=5,1790233200,QUIZ! Which Fall Fashion Trend Matches Your Vibe? - Girls' Life,QUIZ! Which Fall Fashion Trend Matches Your Vibe? - Girls' Life,runway trend
gnews,news.google.com,https://news.google.com/rss/articles/CBMidEFVX3lxTFBqVGdHTndPbmtlWWFFTWE3VVZrS2dqeUFjdDZlcHVMTnMxTXR3QUI2RlFoNUJjMFNMWXRTTXVRV1M3Uk14RGlnTVBBRk9oeTcyMUU1aGxTU3FoTHdzeEpLeWxhX1E5OTBrZFJacmRETHpHZGw2?oc=5,1788332400,The Biggest Fall 2026 Fashion Trends to Know (And Wear Into Winter) - ellecanada.com,The Biggest Fall 2026 Fashion Trends to Know (And Wear Into Winter) - ellecanada.com,runway trend
gnews,news.google.com,https://news.google.com/rss/articles/CBMilwFBVV95cUxPc3dlOE02cGY3VlpVQU1adkJYaWlteUt1TkhDdHQ4alI5N250ZGhHcTdELTJfOWlSSjJUbHMyWHhrMmZQM0txbFI4dUdYN294Szctczh3ODVxVTRmdnB1SjJXV1BGckJFTE15TE9TQmphZGh0TjduMS1BLWxkaFdRN2l2a2pmTU50T1otci1yOVB5aXpCVkRN?oc=5,1788850800,"The Fall 2026 Trends Are In, and They’re Heavy on the Whimsy - Cosmopolitan","The Fall 2026 Trends Are In, and They’re Heavy on the Whimsy - Cosmopolitan",runway trend
gnews,news.google.com,https://news.google.com/rss/articles/CBMimAFBVV95cUxOOEd1bnBSSXphWjlvbTBtZ042LUd4RWRud2pWcEFnMnFYOERyLWhyTzR6cXhMUDgxb08tXzNpV21LbmdCTHZWMFNubHE3bUYtYURmaUR3UUh6UUI5dHMybWlEX3poWnFQWmh3U0FaZXNLSzNuMEROTnhhNUZ5MDluQXNZeDhfMHh5QWRhckFaWlRrTzN1OE1qTw?oc=5,1790413370,Meta Glasses: Fashion trend or privacy nightmare? - Sky News,Meta Glasses: Fashion trend or privacy nightmare? - Sky News,runway trend
gnews,news.google.com,https://news.google.com/rss/articles/CBMidkFVX3lxTE9ULUZEdlBPMmk5UTlEaTJNOTlxZUU5Q3JqOXY0a2hyMFRwcW82TjdEN0k0cWZSU25QSU5UUnRtRFQyU3FHQjl3bEUwR2xoSkh2ZUNNQ2VYZFowVTd3MjRBMnEyNjNValJtcDRDYmh0Nm5adk14d0E?oc=5,1787554800,It’s Almost Fall! 9 Seasonal Trends Vogue Editors Are Shopping - Vogue,It’s Almost Fall! 9 Seasonal Trends Vogue Editors Are Shopping - Vogue,runway trend
youtube,,https://www.youtube.com/watch?v=rrCyvqS5x7c,1791238608,5 Fashion Tips For Men #fashion #fashiontrends #fashiontips #viral #mensfashion #style #outfit,5 Fashion Tips for Men #stylelook #styletips #stylepost #styleaddict #styletrends #stylefinder #styleid #stylingtips #styleblogger ...,men's fashion trends
youtube,,https://www.youtube.com/watch?v=VaO1j3CSVkk,1791236274,Stunning colors for Men &amp; Women #fashiontrends #shorts,fashionblogger #madeinafrica #unique #fashionstyle.,men's fashion trends
youtube,,https://www.youtube.com/watch?v=zpt2sSyZ7BU,1791230812,#everyone #everyday #fashion #fashiontrends,,men's fashion trends
youtube,,https://www.youtube.com/watch?v=jIczr2r6xmc,1791229171,Outfit del giorno - rotation 🏷️ #shorts #fashiontrends #outfitideas #ootd #style #outfitinspo,,men's fashion trends
youtube,,https://www.youtube.com/watch?v=44D-s61TDxE,1791227365,"If you like cool, unique well made clothes, Free Agency is the... #Shorts #wwiiiillllllll","If you like cool, unique well made clothes, Free Agency is the... If you like cool, unique well made clothes, Free Agency is the.",men's fashion trends
youtube,,https://www.youtube.com/watch?v=KoamA3dPkeQ,1791226125,👔 Effortlessly Stylish Men’s Outfit | Style Bros,"If you love stylish men's fashion ideas, don't forget to Like ❤️, Share , Subscribe , and press the Bell Icon for more ...",men's fashion trends
youtube,,https://www.youtube.com/watch?v=pN_TBzR10c0,1791222599,Royal Sherwani &amp; Indo-Western Look | Ultimate Men&#39;s Ethnic Wear Fashion Walk! 🔥,"Royal Sherwani & Indo-Western Look | Ultimate Men's Ethnic Wear Fashion Walk! Kya aap bhi upcoming wedding, reception ...",men's fashion trends
youtube,,https://www.youtube.com/watch?v=enBXS8dst60,1791215611,😱Top 3 Outfit Ideas with Blue Jeans #explore #trending #trending #explorepage #trendingtopic #top,mensfashion #mensstyle #mensoutfit #outfitideas #outfitinspiration #menswear #fashionformen #mensfashionstyle ...,men's fashion trends
youtube,,https://www.youtube.com/watch?v=xJG4gCCfhak,1791208801,Trending Denim Shirts 🔥 | Must-Have Men’s Fashion #shorts,"Denim shirts never go out of style! A perfect choice for casual, streetwear & everyday looks. Which denim style would you ...",men's fashion trends
youtube,,https://www.youtube.com/watch?v=qaUzSGGA5kQ,1791207913,Bespoke Suits | Premium Suit Fashion &amp; Men’s Style 🔥| Designer Tailors Studio #shorts #fashion #fyp,"Bespoke Suits | Premium Suit Fashion & Men's Style ✂️   Discover premium bespoke suits, custom suit tailoring, formal suits ...",men's fashion trends
youtube,,https://www.youtube.com/watch?v=qYIbMZsi4RQ,1791207004,Boys vs Mens Fashion 🔥 | Which Style Looks Better? 😎 #Shorts,SEO-Optimized YouTube Shorts Metadata Title: Boys vs Mens Fashion | Which Style Looks Better? #Shorts Description: ...,men's fashion trends
youtube,,https://www.youtube.com/watch?v=CFAwNKTz7f4,1791205209,Best outfit combo for man&#39;s 😎 || #shorts #fashion #manoutfit ||@meeshoapp,Best outfit combo for man's || #shorts #fashion #manoutfit || @meeshoapp Link ...,men's fashion trends
youtube,,https://www.youtube.com/watch?v=rGpvZ1qpOZQ,1791203123,Trending Shirt 2026 🔥 Stylish &amp; Luxury Shirt Outfit | Men’s Fashion #shorts,"Trending Shirt 2026 Discover the latest stylish shirt trends for men! Perfect for casual, party and luxury fashion looks.",men's fashion trends
youtube,,https://www.youtube.com/watch?v=3Vdo09YWszo,1791199247,Loud money vs oldmoney | oldmoney outfit | starboy | fashion tips | aesthetic | bootcut jeans,"fashion, fashion tips, fashion trends, fashion style, fashion ideas, fashion inspiration, fashion shorts, fashion videos, fashion ...",men's fashion trends
youtube,,https://www.youtube.com/watch?v=7z1wolbL0D4,1791197981,Girls vs boys | henley t-shirt | trending Henley t-shirt | oldmoney outfit | starboy | bootcut jeans,"fashion, fashion tips, fashion trends, fashion style, fashion ideas, fashion inspiration, fashion shorts, fashion videos, fashion ...",men's fashion trends
youtube,,https://www.youtube.com/watch?v=-W5GAib1IQg,1791196207,Black Shirt &amp; Cream Pants Outfit | Classy &amp; Stylish Men’s Fashion 🔥 | affilinks_1,इस link को दोबारा दबाएं तो यह खुल जाएगा shirt ...,men's fashion trends
youtube,,https://www.youtube.com/watch?v=8mmsSur0cb0,1791190839,여자들이 설렌다는 남자 가을 패션 특징 | 길거리인터뷰,1000만이 선택한 남자들의 스타일 편집샵 룩핀! 지금 바로 적용가능한 쿠폰 코드 [PIN2026] store.lookpin.co.kr/y.,men's fashion trends
youtube,,https://www.youtube.com/watch?v=Jx_qyX68CPA,1791190022,KL Rahul’s Crocs + Socks + Ethnic Wear Look | Celebrity Men’s Fashion &amp; Style,KL Rahul brings an unexpected twist to ethnic fashion by pairing Crocs and socks with traditional wear. His unique combination ...,men's fashion trends
youtube,,https://www.youtube.com/watch?v=lTrflgWWKOU,1791184479,2026 trendy sweaters‼️ #mensfashion #indianfashionbrand #fashionreels #fashion #menswear,2026 trendy sweaters‼️ #mensfashion #indianfashionbrand #fashionreels #fashion #menswear . . Winter wardrobe upgrade ...,men's fashion trends
youtube,,https://www.youtube.com/watch?v=QuDoEPvAW8k,1791182123,Men’s Stylish Outfit Ideas 🔥 | Trending Men’s Fashion | #shorts,నీకు నచ్చిన ఈ look ఎలా ఉంది? Style నచ్చితే ❤️ కొట్టు & మీ friends కి share ...,men's fashion trends
youtube,,https://www.youtube.com/watch?v=Hs3MsM8xwaI,1791181833,Black &amp; White Outfit Combination for Men 🖤🤍 | Oversized Shirt + Wide Leg Jeans | Men’s Fashion 2026,इस link को दोबारा दबाएं तो यह खुल जाएगा shirt ...,men's fashion trends
youtube,,https://www.youtube.com/watch?v=U3Zt2xmzLk8,1791180440,Stylish Shirt &amp; Baggy Jeans Outfit Ideas 2026 🔥 | Best Shirt Pant Combination for Boys 😎 | #shirts,Stylish Shirt & Baggy Jeans Outfit Ideas 2026 | Best Shirt Pant Combination for Boys | Men's Fashion |. Trending Shirt ...,men's fashion trends
youtube,,https://www.youtube.com/watch?v=N5x9Gcwx-o8,1791179625,Men&#39;s Original Explorer Garments Hoodie | পাইকারি দামে হুডি | Wholesale Fashion BD,Welcome to Wholesale Fashion BD **Wholesale Fashion BD**-তে আপনাকে স্বাগতম। মাত্র ১১০ ...,men's fashion trends
youtube,,https://www.youtube.com/watch?v=5B_nkwPo8qo,1791178280,"Don&#39;t Be A Boy Who Follows Every Trends, Be A Classy Men! Part 5#oldmoney #mensfashion #feed #fyp","Don't Be A Boy Who Follows Every Trends, Be A Classy Men! Part 5 #oldmoney #mensfashion #feed #fyp #viral #trending ...",men's fashion trends
youtube,,https://www.youtube.com/watch?v=_KqxngLDKPs,1791055396,All articles specially recommended outfits #men&#39;s #latex #leather #fashion #trends ##viral ##amazing,All articles specially recommended outfits #men's #latex #leather #fashion #trends ##viral ##amazing thanks for watching please ...,men's fashion trends
youtube,,https://www.youtube.com/watch?v=VaO1j3CSVkk,1791236274,Stunning colors for Men &amp; Women #fashiontrends #shorts,fashionblogger #madeinafrica #unique #fashionstyle.,women's fashion trends
youtube,,https://www.youtube.com/watch?v=EZ-_XP8j7H0,1791234005,@fashionpulse🔥The Viral Outfit Trend of 2026 |The Fashion Trend Everyone Is Talking About | #fashion,"Welcome to Fashion Pulse — your destination for the latest USA fashion trends, stylish outfits, viral looks, and everyday fashion ...",women's fashion trends
youtube,,https://www.youtube.com/watch?v=FkgoID8AkR8,1791232220,Emerald Satin Glamour! Brazilian Goddess Style 🇧🇷 |Trans Women’s Fashion #transgender #viral #shorts,"Elegance, confidence, and tropical glamour come together in this stunning Brazilian-inspired emerald-green satin midi gown!",women's fashion trends
youtube,,https://www.youtube.com/watch?v=-T9xl0yPfBY,1791231317,@fashionpulse🔥The Viral Outfit Trend of 2026 |The Fashion Trend Everyone Is Talking About | #fashion,"Welcome to Fashion Pulse — your destination for the latest USA fashion trends, stylish outfits, viral looks, and everyday fashion ...",women's fashion trends
youtube,,https://www.youtube.com/watch?v=LDDopvyKGzM,1791230425,@fashionpulse🔥The Viral Outfit Trend of 2026 |The Fashion Trend Everyone Is Talking About | #fashion,"Welcome to Fashion Pulse — your destination for the latest USA fashion trends, stylish outfits, viral looks, and everyday fashion ...",women's fashion trends
youtube,,https://www.youtube.com/watch?v=hKi5P7046o0,1791229524,@fashionglow |10 Fashion Trends You NEED to Try in 2026 ✨| #shorts,"Welcome to **Fashion Glow** ✨   Your destination for stylish outfits, fashion trends, outfit inspiration, beauty, and everyday style!",women's fashion trends
youtube,,https://www.youtube.com/watch?v=TwKCbb6CCt4,1791229340,Jorts for women #fashiontrends #jorts,,women's fashion trends
youtube,,https://www.youtube.com/watch?v=6iZtux_7bqs,1791227733,@fashionglow |10 Fashion Trends You NEED to Try in 2026 ✨| #shorts,"Welcome to **Fashion Glow** ✨   Your destination for stylish outfits, fashion trends, outfit inspiration, beauty, and everyday style!",women's fashion trends
youtube,,https://www.youtube.com/watch?v=dnQAp_-rwpY,1791226933,#humor #usa #foryou #fyp #love #crazyfashion #shorts #viral #youtubeshorts #fashiontrends,,women's fashion trends
youtube,,https://www.youtube.com/watch?v=6aKAVKhnEyg,1791226816,@fashionglow |10 Fashion Trends You NEED to Try in 2026 ✨| #shorts,"Welcome to **Fashion Glow** ✨   Your destination for stylish outfits, fashion trends, outfit inspiration, beauty, and everyday style!",women's fashion trends
youtube,,https://www.youtube.com/watch?v=GMKZtnULoI4,1791225916,MILANO FASHION WEEK: Sfilata Martino Midali,MILANO FASHION WEEK: sfilata Martino Midali! In questo video vi porto con me alla Milano Fashion Week per scoprire la nuova ...,women's fashion trends
youtube,,https://www.youtube.com/watch?v=_pFfPtaFcEE,1791225026,Champagne Gold Glamour! Red-Carpet Elegance 💛 | Trans Women’s Fashion - #transgender #viral #shorts,"Pure elegance, timeless glamour, and confident feminine style! This stunning champagne-gold bodycon gown features a ...",women's fashion trends
youtube,,https://www.youtube.com/watch?v=OCSC6IocXI8,1791220837,Outfit of the Day #trending #youtubeshorts #ootdguide #trendingshorts #trendingnow,"Outfit of the Day! Discover a stylish, trendy look made for everyday fashion inspiration. Perfect for anyone who loves fresh ...",women's fashion trends
youtube,,https://www.youtube.com/watch?v=gm8UCHljOGE,1791219621,#humor #usa #foryou #fyp #love #crazyfashion #shorts #viral #youtubeshorts #fashiontrends,,women's fashion trends
youtube,,https://www.youtube.com/watch?v=5gX_zMKTWOQ,1791219613,Meet My Valentine’s Day Convertible Heels ❤️✨ | Transformable Heels#shorts #convertibleheels#viral,Meet My Valentine's Day Convertible Heels ❤️✨ | Transformable Heels#shorts #convertibleheels#viral Meet my Valentine's ...,women's fashion trends
youtube,,https://www.youtube.com/watch?v=ZjibgrxhR8o,1791218958,Sleek Black Dress! Stunning Trans Women’s Fashion Style - #transgender #viral #shorts  #transfashion,"Discover timeless elegance with this sleek, form-fitting black long-sleeve dress! Featuring a classic round scoop neckline, ...",women's fashion trends
youtube,,https://www.youtube.com/watch?v=xqrLoC5Dddk,1791218644,premium article ✨🌸#fashion #fashiontrends #kurti # #bollywoodsongs #trending #trendingshorts #dress,premium article ✨  #fashion #fashiontrends #kurti # #bollywoodsongs #trending #trendingshorts #dress.,women's fashion trends
youtube,,https://www.youtube.com/watch?v=NslLg44lNzE,1791217704,Beautiful Chinese Girl | China Street Fashion Trends Outfit Style #shorts #fashion #outfit #style,Experience the irresistible allure and striking elegance of this rising Asian icon. With mesmerizing dance moves and trendsetting ...,women's fashion trends
youtube,,https://www.youtube.com/watch?v=Jjd7hYHPUys,1791214349,Conheça o Neo-Chinese Style #chinesestyle #chinesegirl #fashion trends,Conheça o Neo-Chinese Style #chinesestyle #chinesegirl #fashiontrends.,women's fashion trends
youtube,,https://www.youtube.com/watch?v=bVR08OcjxoQ,1791214305,#humor #usa #foryou #fyp #love #crazyfashion #shorts #viral #youtubeshorts #fashiontrends,,women's fashion trends
youtube,,https://www.youtube.com/watch?v=ZJtuA2sXr7s,1791212910,"❄️Woman,s The Winter Sweater Every  Needs in ! 🧥✨#viral #shortvideo  #short","Looking for the perfect combination of style, warmth, and comfort? This beautiful Women's Knitted Sweater is designed for modern ...",women's fashion trends
youtube,,https://www.youtube.com/watch?v=sXPhxcW8HDM,1791212038,Women&#39;s Cozy Knit Sweater | Long Sleeve Color Block Winter Outfit | 2026 Fashion,"Looking for the perfect fall and winter outfit? This cozy women's knit sweater features a stylish color block design, soft fabric, and a ...",women's fashion trends
youtube,,https://www.youtube.com/watch?v=gsnWNuIoD9Q,1791211527,La tendance du &quot;carewear&quot; #carewear #mode #business #tendances #innovation,Pour rester à jour sur le Business & la Tech : the-nbs.fr.,women's fashion trends
youtube,,https://www.youtube.com/watch?v=QwQmtq-yRV4,1791210613,Flipkart Party Wear Kurta Set ✨ Stylish &amp; Affordable Kurta Set #Shorts #shortsfeed #fashion #kurta,Flipkart Party Wear Kurta Set ✨ Stylish & Affordable Kurta Set #Shorts #shortsfeed #fashion #kurta #Flipkart #KurtaSet ...,women's fashion trends
youtube,,https://www.youtube.com/watch?v=rds3GKoEWKg,1791203427,Women’s Fashion Trends 2026 | Stylish &amp; Elegant Outfit Ideas for Every Occasion,Discover the latest women's fashion trends for 2026 with stylish outfit ideas for every occasion. From elegant and classy looks to ...,women's fashion trends
youtube,,https://www.youtube.com/watch?v=r8c1bmX8hpo,1791184240,Zara flares jeans in 2025🤞😛 #fashion #streetwear #flaredjeans #zara #fashiontiktok,Zara flares jeans in 2025     #fashion #streetwear #flaredjeans #zara #fashiontiktok.,streetwear 2025
youtube,,https://www.youtube.com/watch?v=TY5lJ6LV9os,1791035177,อัปเดตลุคหน้าร้อนปี 2025 ด้วยเสื้อยืดคอเหลี่ยมทรงเข้ารูป ดีไซน์ปักหัวใจสุดคิวท์ในสไตล์เกาหลีที่ทุกคน,อัปเดตลุคหน้าร้อนปี 2025 ด้วยเสื้อยืดคอเหลี่ยมทรงเข้ารูป ดีไซน์ปักหัวใจสุดคิวท์ในสไตล์เกาหลีที่ทุกคนต้องมีติดตู้ ...,streetwear 2025
youtube,,https://www.youtube.com/watch?v=mt9q1pF7WSw,1791011476,We still wearing Bape in 2025? #fashion #streetwear #bapesta #drip #bape,We still wearing Bape in 2025? #fashion #streetwear #bapesta #drip #bape.,streetwear 2025
youtube,,https://www.youtube.com/watch?v=DvemoFn6ht0,1790954808,"Which Era Had the Best Outfit? 2015, 2020 or 2025? 🤔 #shortsfeed",Did you wear Roshe Runs in 2015 or Canada Goose in 2020? Watch the full breakdown of men's streetwear from 2015 to 2025.,streetwear 2025
youtube,,https://www.youtube.com/watch?v=Djjg_R4Lttg,1790867847,Hugo boss in 2025💔 #fashion #fashiontiktok #streetwear #drip,Hugo boss in 2025   #fashion #fashiontiktok #streetwear #drip.,streetwear 2025
youtube,,https://www.youtube.com/watch?v=fHZx0p22KOc,1790801034,Behind The Fits: Spring 2025 Streetwear Showcase,,streetwear 2025
youtube,,https://www.youtube.com/watch?v=N1PqmbiUrgk,1790764233,Don&#39;t Buy Top 5 Anime Fleece Pullover Streetwear Hoodies Before Watching This! - Japanese Demon Anim,Best Top 5 Anime Fleece Pullover Streetwear Hoodies deals on AliExpress: 1. One Piece Chopper Anime Hoodie Men Women ...,streetwear 2025
youtube,,https://www.youtube.com/watch?v=VdB5sdKU69A,1790760999,"Gucci Spring 2025: streetwear meets luxury, classic logos with neon, GG Supreme bag.#shorts","奢華時尚新視界:Gucci 2025春季系列展現街頭潮流美學,經典Logo與霓虹元素完美融合,搭配標誌性GG Supreme帆布包款,展現前衛 ...",streetwear 2025
youtube,,https://www.youtube.com/watch?v=E08Ww7Ht_YE,1790760897,"Gucci Spring 2025: streetwear meets luxury, classic logos with neon, GG Supreme bag.","奢華時尚新視界:Gucci 2025春季系列展現街頭潮流美學,經典Logo與霓虹元素完美融合,搭配標誌性GG Supreme帆布包款,展現前衛 ...",streetwear 2025
youtube,,https://www.youtube.com/watch?v=UOplJs8p6W0,1790746624,🔴 CHÁNDAL DEL LIVERPOOL 2025/26 🔥⚽ | LIVERPOOL FC #shorts #vintage #streetwear,"Un chándal del Liverpool FC de la temporada 2025/26 con un diseño brutal ⚽ Chaqueta y pantalón a juego, perfecto para los ...",streetwear 2025
youtube,,https://www.youtube.com/watch?v=-LySbdkXkS8,1790492753,South bronx roblox drip #fashion #fashiontiktok #streetwear #drip #fashion2025,South bronx roblox drip #fashion #fashiontiktok #streetwear #drip #fashion2025.,streetwear 2025
youtube,,https://www.youtube.com/watch?v=ossP5_fZZjY,1790435648,Tiktok Fashion Timbs baggy jeans stussy #fashion #fashiontiktok #streetwear #fashion2025 #baggyjeans,Tiktok Fashion Timbs baggy jeans stussy #fashion #fashiontiktok #streetwear #fashion2025 #baggyjeans.,streetwear 2025
youtube,,https://www.youtube.com/watch?v=y1V077eV1C8,1790299409,Amazing Top 5 High Neck Bodycon Jumpsuits For Streetwear You Need To See - 2025 Fall Women Sexy Jump,Best Top 5 High Neck Bodycon Jumpsuits For Streetwear deals on AliExpress: 1. Mesh Patchwork Feathers Jumpsuit Women ...,streetwear 2025
youtube,,https://www.youtube.com/watch?v=OwZJ8TsyPT8,1790248024,Trasher in 2025 #fashion #streetwear #fashiontiktok #humor #trasher,Trasher in 2025 #fashion #streetwear #fashiontiktok #humor #trasher.,streetwear 2025
youtube,,https://www.youtube.com/watch?v=YFpVxJJ0ZqQ,1790209812,"Shahrukh Khan&#39;s Networth2025: Rs 12,490 crore2026 : Rs 10,000 crore",Some men don't just age; they elevate their entire presence to an absolute art form! King Khan proves that true stardom goes ...,streetwear 2025
youtube,,https://www.youtube.com/watch?v=chlyHDCbfQo,1790172015,Upgrade Your Style: Best Autumn Shoes (2026) #streetwear #shoes,"Streetwear Inspo 2026 From oversized hoodies, baggy jorts, caps, to the hottest sneaker drops – discover the best streetwear ...",streetwear 2025
youtube,,https://www.youtube.com/watch?v=juzyt_Hmy8s,1790159248,COMEBACK Drip | Olive Green Graffiti Hoodie Cargo Tracksuit For Men - 2025/26 Winter Drop #fashion,NEW DRIP ALERT - COMEBACK COLLECTION Level up your street style with our most demanding Graffiti Printed Hoodie ...,streetwear 2025
youtube,,https://www.youtube.com/watch?v=X3-Poks10gc,1790143736,Top 5 Baggy Printed Trousers For Streetwear Looks: Top 5 Best Sellers - 2025 Fashion Men&#39;s Geometric,Best Top 5 Baggy Printed Trousers For Streetwear Looks deals on AliExpress: 1. Men's and Women's Y2K Gothic Angel Print ...,streetwear 2025
youtube,,https://www.youtube.com/watch?v=AzXJm6Y4nrU,1789955709,Why Everyone Is Buying Top 5 Oversized Streetwear Hoodies For Baggy Fits - ZODF New Thick 350gsm Fle,Best Top 5 Oversized Streetwear Hoodies For Baggy Fits deals on AliExpress: 1. 2025 New SITKA Letter Printed Sweatshirt Men ...,streetwear 2025
youtube,,https://www.youtube.com/watch?v=8-aLebKM6IE,1789917285,Skinny jeans all 2025😋🤞 #fashion #streetwear #fashiontiktok #drip #skinnyjeans #baggyjeans,Skinny jeans all 2025     #fashion #streetwear #fashiontiktok #drip #skinnyjeans #baggyjeans.,streetwear 2025
youtube,,https://www.youtube.com/watch?v=ENp4OKyAp_M,1789830889,Y’all like hellstar ?? #hellstar #fashion #streetwear #fashiontiktok #fashion2025 #humor,Y'all like hellstar ?? #hellstar #fashion #streetwear #fashiontiktok #fashion2025 #humor #clothingbrand.,streetwear 2025
youtube,,https://www.youtube.com/watch?v=0qMX_lOqB5s,1789801635,Are y’all wearing labubus? #fashion #labubu #streetwear #fashiontiktok #humor #fashion2025,Are y'all wearing labubus? #fashion #labubu #streetwear #fashiontiktok #humor #fashion2025.,streetwear 2025
youtube,,https://www.youtube.com/watch?v=BQP41GK-5Zo,1789800044,"Went to ComplexCon 2025 Las Vegas, and made fire pickups #streetwear #fashion #shopping #unboxing",I went to ComplexCon 2025 in the Las Vegas convention center and made some great pickups. In this video I unbox the items I ...,streetwear 2025
youtube,,https://www.youtube.com/watch?v=u_nB_Wq0kfE,1789755602,calm layering inspo #ootd #fashion #outfit #mensfashion #streetwear #style,,streetwear 2025
youtube,,https://www.youtube.com/watch?v=R7vC3WiJww8,1789715217,Like you know you can buy what you want ? #fashion #fashiontiktok #streetwear #humor #baggyjeans,Like you know you can buy what you want ? #fashion #fashiontiktok #streetwear #humor #baggyjeans #fashion2025 ...,streetwear 2025
