Term,Total,slope,pvalue,weeks_present,first_seen,last_seen,score_up,score_down
fashion,289,22.32142857142857,0.04219348275196605,5,2026-08-31,2026-09-28,1.3107594185596059,-1.3107594185596059
trends,150,8.357142857142856,0.08504969458819175,7,2026-08-17,2026-09-28,0.6800946405444689,-0.6800946405444689
trend,102,7.857142857142857,0.03122941218427313,5,2026-08-31,2026-09-28,0.7741872899862303,-0.7741872899862303
fall,116,7.107142857142857,0.10469516943467584,7,2026-08-17,2026-09-28,0.6570555895763129,-0.6570555895763129
wear,71,5.392857142857142,0.14302158860656217,6,2026-08-24,2026-09-28,0.635554309280766,-0.635554309280766
elle,52,4.642857142857142,0.08937248718195083,4,2026-08-31,2026-09-28,0.6377454754760561,-0.6377454754760561
fashion trends,64,4.642857142857142,0.08256469132516378,5,2026-08-31,2026-09-28,0.5758755534498964,-0.5758755534498964
new,61,4.571428571428571,0.04294803133210813,5,2026-08-31,2026-09-28,0.580572009143728,-0.580572009143728
style,53,4.5,0.11178370935719481,5,2026-08-24,2026-09-28,0.6123724356957945,-0.6123724356957945
men,44,4.392857142857142,0.06554197426735794,2,2026-09-21,2026-09-28,0.6548484791249383,-0.6548484791249383
week,55,4.249999999999999,0.08593017716664166,3,2026-09-07,2026-09-28,0.5679301390639017,-0.5679301390639017
outfit,40,4.214285714285714,0.13743758343562984,2,2026-09-14,2026-09-28,0.6581608536734113,-0.6581608536734113
streetwear,44,3.464285714285714,0.009626894356441058,3,2026-09-14,2026-09-28,0.5164252233749513,-0.5164252233749513
fashion week,46,3.285714285714286,0.10110233421873488,3,2026-09-07,2026-09-28,0.479270686350225,-0.479270686350225
women,34,3.2857142857142856,0.08760341525952714,3,2026-09-07,2026-09-28,0.5553870816787394,-0.5553870816787394
stylish,31,3.1071428571428568,0.09865462956933532,3,2026-09-14,2026-09-28,0.5492704461002645,-0.5492704461002645
winter,37,3.071428571428571,0.14854174304210516,5,2026-08-24,2026-09-28,0.49825150775877064,-0.49825150775877064
fashion trend,52,2.928571428571428,0.008872443134617198,5,2026-08-31,2026-09-28,0.4022702229925892,-0.4022702229925892
best,29,2.607142857142857,0.03652950815281871,3,2026-09-07,2026-09-28,0.4759969844985372,-0.4759969844985372
paris,23,2.464285714285714,0.14381080871160395,1,2026-09-28,2026-09-28,0.5030202150358312,-0.5030202150358312
know,33,2.2499999999999996,0.0800235566104644,4,2026-08-31,2026-09-28,0.3858718165706448,-0.3858718165706448
autumn,32,1.9642857142857144,0.18089398122740943,5,2026-08-24,2026-09-28,0.3419382527701208,-0.3419382527701208
ideas,18,1.9285714285714284,0.14381080871160395,1,2026-09-28,2026-09-28,0.4424446296075119,-0.4424446296075119
shorts,17,1.8214285714285714,0.14381080871160382,1,2026-09-28,2026-09-28,0.4293148314346896,-0.4293148314346896
fashiontrends,17,1.8214285714285714,0.14381080871160382,1,2026-09-28,2026-09-28,0.4293148314346896,-0.4293148314346896
look,21,1.75,0.04447543380753507,3,2026-09-14,2026-09-28,0.3731012536223182,-0.3731012536223182
harper bazaar,16,1.7142857142857142,0.14381080871160395,1,2026-09-28,2026-09-28,0.4157753572051422,-0.4157753572051422
harper,16,1.7142857142857142,0.14381080871160395,1,2026-09-28,2026-09-28,0.4157753572051422,-0.4157753572051422
wwd,20,1.7142857142857142,0.13842683516622306,2,2026-09-07,2026-09-28,0.3740878118331298,-0.3740878118331298
bazaar,16,1.7142857142857142,0.14381080871160395,1,2026-09-28,2026-09-28,0.4157753572051422,-0.4157753572051422
shirt,16,1.7142857142857142,0.14381080871160395,1,2026-09-28,2026-09-28,0.4157753572051422,-0.4157753572051422
color,23,1.6785714285714284,0.09653540510893693,4,2026-08-17,2026-09-28,0.342636958067885,-0.342636958067885
men fashion,15,1.607142857142857,0.14381080871160395,1,2026-09-28,2026-09-28,0.40178571428571425,-0.40178571428571425
shoe,16,1.5714285714285714,0.11367630501144783,2,2026-09-14,2026-09-28,0.38112741077138035,-0.38112741077138035
spring,23,1.5357142857142858,0.10327603384162415,3,2026-09-07,2026-09-28,0.31347636589189487,-0.31347636589189487
trendy,15,1.5357142857142856,0.08967498695540725,2,2026-09-21,2026-09-28,0.3839285714285714,-0.3839285714285714
fall fashion,29,1.5357142857142856,0.08967498695540725,4,2026-08-31,2026-09-28,0.2803817853895493,-0.2803817853895493
paris fashion week,14,1.5,0.14381080871160382,1,2026-09-28,2026-09-28,0.3872983346207417,-0.3872983346207417
paris fashion,14,1.5,0.14381080871160382,1,2026-09-28,2026-09-28,0.3872983346207417,-0.3872983346207417
milan,14,1.4285714285714284,0.08618482745881663,2,2026-09-21,2026-09-28,0.3688555567816587,-0.3688555567816587
suit,13,1.3928571428571428,0.14381080871160395,1,2026-09-28,2026-09-28,0.3722567298065911,-0.3722567298065911
runway,17,1.3928571428571428,0.043034935831895084,4,2026-09-07,2026-09-28,0.3282995769794685,-0.3282995769794685
jeans,15,1.3928571428571428,0.05272678499468617,3,2026-09-14,2026-09-28,0.3482142857142857,-0.3482142857142857
latest,13,1.3928571428571428,0.14381080871160395,1,2026-09-28,2026-09-28,0.3722567298065911,-0.3722567298065911
viral,13,1.3928571428571428,0.14381080871160395,1,2026-09-28,2026-09-28,0.3722567298065911,-0.3722567298065911
trending,13,1.3928571428571428,0.14381080871160395,1,2026-09-28,2026-09-28,0.3722567298065911,-0.3722567298065911
fall winter,13,1.3928571428571428,0.14381080871160395,1,2026-09-28,2026-09-28,0.3722567298065911,-0.3722567298065911
sweater,13,1.3928571428571428,0.14381080871160395,1,2026-09-28,2026-09-28,0.3722567298065911,-0.3722567298065911
new york,28,1.357142857142857,0.37849040935390643,3,2026-09-07,2026-09-28,0.2520151018117132,-0.2520151018117132
york,28,1.357142857142857,0.37849040935390643,3,2026-09-07,2026-09-28,0.2520151018117132,-0.2520151018117132
review,12,1.2857142857142856,0.14381080871160395,1,2026-09-28,2026-09-28,0.35659298328764727,-0.35659298328764727
takes,12,1.2857142857142856,0.14381080871160395,1,2026-09-28,2026-09-28,0.35659298328764727,-0.35659298328764727
dress,15,1.2857142857142856,0.12992211477905607,3,2026-08-31,2026-09-28,0.3214285714285714,-0.3214285714285714
people,17,1.25,0.11438992423749873,2,2026-09-14,2026-09-28,0.2946278254943948,-0.2946278254943948
looks,15,1.25,0.031821959441217296,3,2026-09-07,2026-09-28,0.3125,-0.3125
block,13,1.1785714285714286,0.13667746355577068,2,2026-09-07,2026-09-28,0.31498646368250016,-0.31498646368250016
women fashion,11,1.1785714285714286,0.14381080871160395,1,2026-09-28,2026-09-28,0.34022426577245807,-0.34022426577245807
girl,11,1.1785714285714286,0.14381080871160395,1,2026-09-28,2026-09-28,0.34022426577245807,-0.34022426577245807
outfit ideas,11,1.1785714285714286,0.14381080871160395,1,2026-09-28,2026-09-28,0.34022426577245807,-0.34022426577245807
like,12,1.1428571428571428,0.10518703359900723,2,2026-09-14,2026-09-28,0.31697154070013095,-0.31697154070013095
need,11,1.1428571428571428,0.10599667879145537,2,2026-09-21,2026-09-28,0.329914439536929,-0.329914439536929
discover,11,1.1428571428571428,0.10599667879145537,2,2026-09-21,2026-09-28,0.329914439536929,-0.329914439536929
vogue,26,1.1428571428571428,0.05906524921774882,6,2026-08-17,2026-09-28,0.219942959691286,-0.219942959691286
casual,11,1.107142857142857,0.07271644582219848,2,2026-09-21,2026-09-28,0.31960461330139994,-0.31960461330139994
color block,10,1.0714285714285714,0.14381080871160382,1,2026-09-28,2026-09-28,0.323047869190461,-0.323047869190461
fashion month,10,1.0714285714285714,0.14381080871160382,1,2026-09-28,2026-09-28,0.323047869190461,-0.323047869190461
style muse,10,1.0714285714285714,0.14381080871160382,1,2026-09-28,2026-09-28,0.323047869190461,-0.323047869190461
muse,10,1.0714285714285714,0.14381080871160382,1,2026-09-28,2026-09-28,0.323047869190461,-0.323047869190461
month,10,1.0714285714285714,0.14381080871160382,1,2026-09-28,2026-09-28,0.323047869190461,-0.323047869190461
elegant,13,1.0357142857142856,0.2051116798399448,2,2026-08-24,2026-09-28,0.2768062862664395,-0.2768062862664395
season,18,1.0,0.1264445921194973,5,2026-08-24,2026-09-28,0.22941573387056174,-0.22941573387056174
city,9,0.9642857142857142,0.14381080871160395,1,2026-09-28,2026-09-28,0.30493391723052227,-0.30493391723052227
outfit inspiration,9,0.9642857142857142,0.14381080871160395,1,2026-09-28,2026-09-28,0.30493391723052227,-0.30493391723052227
inspiration,9,0.9642857142857142,0.14381080871160395,1,2026-09-28,2026-09-28,0.30493391723052227,-0.30493391723052227
trends know,18,0.9285714285714285,0.09931616811350451,4,2026-08-31,2026-09-28,0.21302889573695016,-0.21302889573695016
drip,12,0.9285714285714285,0.022186166432458198,3,2026-09-14,2026-09-28,0.25753937681885636,-0.25753937681885636
coming,11,0.8928571428571428,0.17766299471452202,2,2026-08-31,2026-09-28,0.2577456558882258,-0.2577456558882258
knitted,8,0.8571428571428571,0.14381080871160395,1,2026-09-28,2026-09-28,0.2857142857142857,-0.2857142857142857
looking,10,0.8571428571428571,0.13842683516622306,2,2026-09-07,2026-09-28,0.2584382953523688,-0.2584382953523688
try,8,0.8571428571428571,0.14381080871160395,1,2026-09-28,2026-09-28,0.2857142857142857,-0.2857142857142857
tom,8,0.8571428571428571,0.14381080871160395,1,2026-09-28,2026-09-28,0.2857142857142857,-0.2857142857142857
chic,8,0.8571428571428571,0.14381080871160395,1,2026-09-28,2026-09-28,0.2857142857142857,-0.2857142857142857
skirt,8,0.8571428571428571,0.14381080871160395,1,2026-09-28,2026-09-28,0.2857142857142857,-0.2857142857142857
fashiontiktok,14,0.8571428571428571,0.11056669073123558,3,2026-09-14,2026-09-28,0.22131333406899523,-0.22131333406899523
styles,8,0.8571428571428571,0.14381080871160395,1,2026-09-28,2026-09-28,0.2857142857142857,-0.2857142857142857
baggy,10,0.8214285714285714,0.10855410191477219,2,2026-09-21,2026-09-28,0.24767003304602012,-0.24767003304602012
beauty,9,0.8214285714285714,0.09596263303748384,2,2026-09-14,2026-09-28,0.2597585220852597,-0.2597585220852597
life,9,0.8214285714285714,0.030295541470698937,2,2026-09-21,2026-09-28,0.2597585220852597,-0.2597585220852597
just,8,0.8214285714285714,0.0927855098228234,2,2026-09-21,2026-09-28,0.2738095238095238,-0.2738095238095238
street,10,0.8214285714285714,0.08640469317829796,3,2026-09-07,2026-09-28,0.24767003304602012,-0.24767003304602012
hoodie,8,0.7857142857142857,0.05294332245986581,2,2026-09-21,2026-09-28,0.2619047619047619,-0.2619047619047619
yahoo,12,0.7857142857142857,0.08084658029189132,3,2026-09-07,2026-09-28,0.21791793423134,-0.21791793423134
cozy,7,0.75,0.14381080871160382,1,2026-09-28,2026-09-28,0.2651650429449553,-0.2651650429449553
wedding,7,0.75,0.14381080871160382,1,2026-09-28,2026-09-28,0.2651650429449553,-0.2651650429449553
way,7,0.75,0.14381080871160382,1,2026-09-28,2026-09-28,0.2651650429449553,-0.2651650429449553
welcome,7,0.75,0.14381080871160382,1,2026-09-28,2026-09-28,0.2651650429449553,-0.2651650429449553
zara,7,0.75,0.14381080871160382,1,2026-09-28,2026-09-28,0.2651650429449553,-0.2651650429449553
perfect,7,0.75,0.14381080871160382,1,2026-09-28,2026-09-28,0.2651650429449553,-0.2651650429449553
good,7,0.75,0.14381080871160382,1,2026-09-28,2026-09-28,0.2651650429449553,-0.2651650429449553
knitwear,7,0.75,0.14381080871160382,1,2026-09-28,2026-09-28,0.2651650429449553,-0.2651650429449553
love,7,0.75,0.14381080871160382,1,2026-09-28,2026-09-28,0.2651650429449553,-0.2651650429449553
ballet,7,0.75,0.14381080871160382,1,2026-09-28,2026-09-28,0.2651650429449553,-0.2651650429449553
day,9,0.75,0.14030224435818997,2,2026-09-07,2026-09-28,0.23717082451262844,-0.23717082451262844
york fashion week,22,0.7142857142857144,0.6567846206161619,2,2026-09-07,2026-09-14,0.14893886718362487,-0.14893886718362487
york fashion,22,0.7142857142857144,0.6567846206161619,2,2026-09-07,2026-09-14,0.14893886718362487,-0.14893886718362487
new york fashion,22,0.7142857142857144,0.6567846206161619,2,2026-09-07,2026-09-14,0.14893886718362487,-0.14893886718362487
really,8,0.7142857142857142,0.09251500555042778,2,2026-09-14,2026-09-28,0.23809523809523805,-0.23809523809523805
fall fashion trends,18,0.7142857142857142,0.2743718966997649,4,2026-08-31,2026-09-28,0.1638683813361155,-0.1638683813361155
mensfashion,7,0.6785714285714285,0.10990143152899716,2,2026-09-14,2026-09-28,0.23991122933115,-0.23991122933115
wearing,9,0.6785714285714285,0.10532166438238547,2,2026-09-14,2026-09-28,0.21458312693999712,-0.21458312693999712
knit,6,0.6428571428571428,0.14381080871160395,1,2026-09-28,2026-09-28,0.24297716122021748,-0.24297716122021748
balletcore,6,0.6428571428571428,0.14381080871160395,1,2026-09-28,2026-09-28,0.24297716122021748,-0.24297716122021748
yahoo creators,6,0.6428571428571428,0.14381080871160395,1,2026-09-28,2026-09-28,0.24297716122021748,-0.24297716122021748
woman,6,0.6428571428571428,0.14381080871160395,1,2026-09-28,2026-09-28,0.24297716122021748,-0.24297716122021748
needs,6,0.6428571428571428,0.14381080871160395,1,2026-09-28,2026-09-28,0.24297716122021748,-0.24297716122021748
luxury,6,0.6428571428571428,0.14381080871160395,1,2026-09-28,2026-09-28,0.24297716122021748,-0.24297716122021748
key fall,6,0.6428571428571428,0.14381080871160395,1,2026-09-28,2026-09-28,0.24297716122021748,-0.24297716122021748
milan fashion week,6,0.6428571428571428,0.14381080871160395,1,2026-09-28,2026-09-28,0.24297716122021748,-0.24297716122021748
manicure,6,0.6428571428571428,0.14381080871160395,1,2026-09-28,2026-09-28,0.24297716122021748,-0.24297716122021748
funnel,6,0.6428571428571428,0.14381080871160395,1,2026-09-28,2026-09-28,0.24297716122021748,-0.24297716122021748
outerwear,6,0.6428571428571428,0.14381080871160395,1,2026-09-28,2026-09-28,0.24297716122021748,-0.24297716122021748
nicks,6,0.6428571428571428,0.14381080871160395,1,2026-09-28,2026-09-28,0.24297716122021748,-0.24297716122021748
want,6,0.6428571428571428,0.14381080871160395,1,2026-09-28,2026-09-28,0.24297716122021748,-0.24297716122021748
coming wear,6,0.6428571428571428,0.14381080871160395,1,2026-09-28,2026-09-28,0.24297716122021748,-0.24297716122021748
creators,6,0.6428571428571428,0.14381080871160395,1,2026-09-28,2026-09-28,0.24297716122021748,-0.24297716122021748
designer,6,0.6428571428571428,0.14381080871160395,1,2026-09-28,2026-09-28,0.24297716122021748,-0.24297716122021748
fashion fashiontrends,6,0.6428571428571428,0.14381080871160395,1,2026-09-28,2026-09-28,0.24297716122021748,-0.24297716122021748
chicest,6,0.6428571428571428,0.14381080871160395,1,2026-09-28,2026-09-28,0.24297716122021748,-0.24297716122021748
classic,6,0.6428571428571428,0.14381080871160395,1,2026-09-28,2026-09-28,0.24297716122021748,-0.24297716122021748
destination,6,0.6428571428571428,0.14381080871160395,1,2026-09-28,2026-09-28,0.24297716122021748,-0.24297716122021748
shirts,6,0.6428571428571428,0.14381080871160395,1,2026-09-28,2026-09-28,0.24297716122021748,-0.24297716122021748
nails,6,0.6428571428571428,0.14381080871160395,1,2026-09-28,2026-09-28,0.24297716122021748,-0.24297716122021748
milan fashion,6,0.6428571428571428,0.14381080871160395,1,2026-09-28,2026-09-28,0.24297716122021748,-0.24297716122021748
key,10,0.6428571428571428,0.19700189094421167,2,2026-09-07,2026-09-28,0.1938287215142766,-0.1938287215142766
jacket,6,0.6428571428571428,0.14381080871160395,1,2026-09-28,2026-09-28,0.24297716122021748,-0.24297716122021748
revives,6,0.6428571428571428,0.14381080871160395,1,2026-09-28,2026-09-28,0.24297716122021748,-0.24297716122021748
girls,7,0.6071428571428571,0.048690706164194804,2,2026-09-21,2026-09-28,0.21465741571734476,-0.21465741571734476
collection,6,0.6071428571428571,0.07778953814545005,2,2026-09-21,2026-09-28,0.2294784300413165,-0.2294784300413165
black,7,0.6071428571428571,0.16628318009956058,2,2026-08-31,2026-09-28,0.21465741571734476,-0.21465741571734476
turn,6,0.5714285714285714,0.03674259800515245,2,2026-09-21,2026-09-28,0.21597969886241553,-0.21597969886241553
fashion outfit,6,0.5714285714285714,0.10518703359900723,2,2026-09-14,2026-09-28,0.21597969886241553,-0.21597969886241553
high,6,0.5714285714285714,0.03674259800515245,2,2026-09-21,2026-09-28,0.21597969886241553,-0.21597969886241553
fits,6,0.5714285714285714,0.03674259800515245,2,2026-09-21,2026-09-28,0.21597969886241553,-0.21597969886241553
magazine,8,0.5714285714285714,0.2064960752124939,2,2026-08-31,2026-09-28,0.19047619047619047,-0.19047619047619047
wore,6,0.5714285714285714,0.03674259800515245,2,2026-09-21,2026-09-28,0.21597969886241553,-0.21597969886241553
neck,6,0.5714285714285714,0.03674259800515245,2,2026-09-21,2026-09-28,0.21597969886241553,-0.21597969886241553
nyc,8,0.5714285714285714,0.036742598005152484,3,2026-09-07,2026-09-28,0.19047619047619047,-0.19047619047619047
bodycon,6,0.5714285714285714,0.03674259800515245,2,2026-09-21,2026-09-28,0.21597969886241553,-0.21597969886241553
upgrade,6,0.5714285714285714,0.03674259800515245,2,2026-09-21,2026-09-28,0.21597969886241553,-0.21597969886241553
reveals,12,0.5714285714285713,0.46828625500574356,2,2026-09-14,2026-09-28,0.15848577035006542,-0.15848577035006542
american,5,0.5357142857142857,0.14381080871160382,1,2026-09-28,2026-09-28,0.21870444131992664,-0.21870444131992664
styling tips latest,5,0.5357142857142857,0.14381080871160382,1,2026-09-28,2026-09-28,0.21870444131992664,-0.21870444131992664
stylish men,5,0.5357142857142857,0.14381080871160382,1,2026-09-28,2026-09-28,0.21870444131992664,-0.21870444131992664
fall winter outfit,5,0.5357142857142857,0.14381080871160382,1,2026-09-28,2026-09-28,0.21870444131992664,-0.21870444131992664
fashion tranding,5,0.5357142857142857,0.14381080871160382,1,2026-09-28,2026-09-28,0.21870444131992664,-0.21870444131992664
tips,5,0.5357142857142857,0.14381080871160382,1,2026-09-28,2026-09-28,0.21870444131992664,-0.21870444131992664
fashion outfit inspiration,5,0.5357142857142857,0.14381080871160382,1,2026-09-28,2026-09-28,0.21870444131992664,-0.21870444131992664
tips latest fashion,5,0.5357142857142857,0.14381080871160382,1,2026-09-28,2026-09-28,0.21870444131992664,-0.21870444131992664
tips latest,5,0.5357142857142857,0.14381080871160382,1,2026-09-28,2026-09-28,0.21870444131992664,-0.21870444131992664
tranding style,5,0.5357142857142857,0.14381080871160382,1,2026-09-28,2026-09-28,0.21870444131992664,-0.21870444131992664
destination women fashion,5,0.5357142857142857,0.14381080871160382,1,2026-09-28,2026-09-28,0.21870444131992664,-0.21870444131992664
destination women,5,0.5357142857142857,0.14381080871160382,1,2026-09-28,2026-09-28,0.21870444131992664,-0.21870444131992664
tranding style muse,5,0.5357142857142857,0.14381080871160382,1,2026-09-28,2026-09-28,0.21870444131992664,-0.21870444131992664
tranding,5,0.5357142857142857,0.14381080871160382,1,2026-09-28,2026-09-28,0.21870444131992664,-0.21870444131992664
trends discover,5,0.5357142857142857,0.14381080871160382,1,2026-09-28,2026-09-28,0.21870444131992664,-0.21870444131992664
discover trendy,5,0.5357142857142857,0.14381080871160382,1,2026-09-28,2026-09-28,0.21870444131992664,-0.21870444131992664
didn,5,0.5357142857142857,0.14381080871160382,1,2026-09-28,2026-09-28,0.21870444131992664,-0.21870444131992664
trends discover trendy,5,0.5357142857142857,0.14381080871160382,1,2026-09-28,2026-09-28,0.21870444131992664,-0.21870444131992664
trends woman,5,0.5357142857142857,0.14381080871160382,1,2026-09-28,2026-09-28,0.21870444131992664,-0.21870444131992664
usafashion american,5,0.5357142857142857,0.14381080871160382,1,2026-09-28,2026-09-28,0.21870444131992664,-0.21870444131992664
casual outfit,5,0.5357142857142857,0.14381080871160382,1,2026-09-28,2026-09-28,0.21870444131992664,-0.21870444131992664
design,5,0.5357142857142857,0.14381080871160382,1,2026-09-28,2026-09-28,0.21870444131992664,-0.21870444131992664
usafashion,5,0.5357142857142857,0.14381080871160382,1,2026-09-28,2026-09-28,0.21870444131992664,-0.21870444131992664
usafashion american fashion,5,0.5357142857142857,0.14381080871160382,1,2026-09-28,2026-09-28,0.21870444131992664,-0.21870444131992664
try style,5,0.5357142857142857,0.14381080871160382,1,2026-09-28,2026-09-28,0.21870444131992664,-0.21870444131992664
early,5,0.5357142857142857,0.14381080871160382,1,2026-09-28,2026-09-28,0.21870444131992664,-0.21870444131992664
try style muse,5,0.5357142857142857,0.14381080871160382,1,2026-09-28,2026-09-28,0.21870444131992664,-0.21870444131992664
trends woman needs,5,0.5357142857142857,0.14381080871160382,1,2026-09-28,2026-09-28,0.21870444131992664,-0.21870444131992664
classy,5,0.5357142857142857,0.14381080871160382,1,2026-09-28,2026-09-28,0.21870444131992664,-0.21870444131992664
american fashion tranding,5,0.5357142857142857,0.14381080871160382,1,2026-09-28,2026-09-28,0.21870444131992664,-0.21870444131992664
american fashion,5,0.5357142857142857,0.14381080871160382,1,2026-09-28,2026-09-28,0.21870444131992664,-0.21870444131992664
fashion tranding style,5,0.5357142857142857,0.14381080871160382,1,2026-09-28,2026-09-28,0.21870444131992664,-0.21870444131992664
fashion trends woman,5,0.5357142857142857,0.14381080871160382,1,2026-09-28,2026-09-28,0.21870444131992664,-0.21870444131992664
latest fashion trends,5,0.5357142857142857,0.14381080871160382,1,2026-09-28,2026-09-28,0.21870444131992664,-0.21870444131992664
latest fashion,5,0.5357142857142857,0.14381080871160382,1,2026-09-28,2026-09-28,0.21870444131992664,-0.21870444131992664
outfit inspiration styling,5,0.5357142857142857,0.14381080871160382,1,2026-09-28,2026-09-28,0.21870444131992664,-0.21870444131992664
piece,5,0.5357142857142857,0.14381080871160382,1,2026-09-28,2026-09-28,0.21870444131992664,-0.21870444131992664
real,9,0.5357142857142857,0.22887153029095764,2,2026-09-07,2026-09-28,0.1694077317947346,-0.1694077317947346
perfect fall,5,0.5357142857142857,0.14381080871160382,1,2026-09-28,2026-09-28,0.21870444131992664,-0.21870444131992664
inspiration styling tips,5,0.5357142857142857,0.14381080871160382,1,2026-09-28,2026-09-28,0.21870444131992664,-0.21870444131992664
inspiration styling,5,0.5357142857142857,0.14381080871160382,1,2026-09-28,2026-09-28,0.21870444131992664,-0.21870444131992664
perfect fall winter,5,0.5357142857142857,0.14381080871160382,1,2026-09-28,2026-09-28,0.21870444131992664,-0.21870444131992664
inspired,7,0.5357142857142857,0.1506046053284108,2,2026-09-07,2026-09-28,0.1894036021035395,-0.1894036021035395
fashion trends discover,5,0.5357142857142857,0.14381080871160382,1,2026-09-28,2026-09-28,0.21870444131992664,-0.21870444131992664
style muse destination,5,0.5357142857142857,0.14381080871160382,1,2026-09-28,2026-09-28,0.21870444131992664,-0.21870444131992664
style muse usafashion,5,0.5357142857142857,0.14381080871160382,1,2026-09-28,2026-09-28,0.21870444131992664,-0.21870444131992664
styling,5,0.5357142857142857,0.14381080871160382,1,2026-09-28,2026-09-28,0.21870444131992664,-0.21870444131992664
styling tips,5,0.5357142857142857,0.14381080871160382,1,2026-09-28,2026-09-28,0.21870444131992664,-0.21870444131992664
favorite,5,0.5357142857142857,0.14381080871160382,1,2026-09-28,2026-09-28,0.21870444131992664,-0.21870444131992664
needs try style,5,0.5357142857142857,0.14381080871160382,1,2026-09-28,2026-09-28,0.21870444131992664,-0.21870444131992664
man,5,0.5357142857142857,0.14381080871160382,1,2026-09-28,2026-09-28,0.21870444131992664,-0.21870444131992664
learn,5,0.5357142857142857,0.14381080871160382,1,2026-09-28,2026-09-28,0.21870444131992664,-0.21870444131992664
knitted sweater,5,0.5357142857142857,0.14381080871160382,1,2026-09-28,2026-09-28,0.21870444131992664,-0.21870444131992664
need know,5,0.5357142857142857,0.14381080871160382,1,2026-09-28,2026-09-28,0.21870444131992664,-0.21870444131992664
needs try,5,0.5357142857142857,0.14381080871160382,1,2026-09-28,2026-09-28,0.21870444131992664,-0.21870444131992664
muse usafashion american,5,0.5357142857142857,0.14381080871160382,1,2026-09-28,2026-09-28,0.21870444131992664,-0.21870444131992664
muse usafashion,5,0.5357142857142857,0.14381080871160382,1,2026-09-28,2026-09-28,0.21870444131992664,-0.21870444131992664
women fashion outfit,5,0.5357142857142857,0.14381080871160382,1,2026-09-28,2026-09-28,0.21870444131992664,-0.21870444131992664
muse destination women,5,0.5357142857142857,0.14381080871160382,1,2026-09-28,2026-09-28,0.21870444131992664,-0.21870444131992664
muse destination,5,0.5357142857142857,0.14381080871160382,1,2026-09-28,2026-09-28,0.21870444131992664,-0.21870444131992664
years,9,0.5357142857142857,0.2639799333653897,2,2026-09-14,2026-09-28,0.1694077317947346,-0.1694077317947346
winter outfit,5,0.5357142857142857,0.14381080871160382,1,2026-09-28,2026-09-28,0.21870444131992664,-0.21870444131992664
woman needs,5,0.5357142857142857,0.14381080871160382,1,2026-09-28,2026-09-28,0.21870444131992664,-0.21870444131992664
woman needs try,5,0.5357142857142857,0.14381080871160382,1,2026-09-28,2026-09-28,0.21870444131992664,-0.21870444131992664
biggest,15,0.5357142857142857,0.36670446092276265,4,2026-08-31,2026-09-28,0.13392857142857142,-0.13392857142857142
wardrobe,8,0.5,0.2799276050189555,2,2026-08-24,2026-09-28,0.16666666666666666,-0.16666666666666666
everyday,5,0.5,0.06693300214386128,2,2026-09-21,2026-09-28,0.20412414523193154,-0.20412414523193154
fashion fashiontiktok streetwear,6,0.5,0.0885568020460234,2,2026-09-21,2026-09-28,0.1889822365046136,-0.1889822365046136
street style,7,0.5,0.07558681842161248,3,2026-09-07,2026-09-28,0.17677669529663687,-0.17677669529663687
fashion fashiontiktok,6,0.5,0.0885568020460234,2,2026-09-21,2026-09-28,0.1889822365046136,-0.1889822365046136
sexy,5,0.5,0.06693300214386128,2,2026-09-21,2026-09-28,0.20412414523193154,-0.20412414523193154
fashiontiktok streetwear,6,0.5,0.0885568020460234,2,2026-09-21,2026-09-28,0.1889822365046136,-0.1889822365046136
fashion streetwear,8,0.4999999999999999,0.08855680204602355,3,2026-09-14,2026-09-28,0.16666666666666663,-0.16666666666666663
beauty trends,6,0.4999999999999999,0.08855680204602355,2,2026-09-14,2026-09-28,0.18898223650461357,-0.18898223650461357
humor,8,0.4999999999999999,0.08855680204602355,3,2026-09-14,2026-09-28,0.16666666666666663,-0.16666666666666663
fall shoe,6,0.4999999999999999,0.08855680204602355,2,2026-09-14,2026-09-28,0.18898223650461357,-0.18898223650461357
autumn winter,10,0.4999999999999999,0.26954464967825403,3,2026-08-24,2026-09-28,0.1507556722888818,-0.1507556722888818
spring trends,10,0.4999999999999999,0.4262914506386185,2,2026-09-14,2026-09-28,0.1507556722888818,-0.1507556722888818
went,6,0.4999999999999999,0.08855680204602355,2,2026-09-14,2026-09-28,0.18898223650461357,-0.18898223650461357
unexpected,6,0.4999999999999999,0.08855680204602355,2,2026-09-14,2026-09-28,0.18898223650461357,-0.18898223650461357
heuritech,6,0.4999999999999999,0.08855680204602355,2,2026-09-14,2026-09-28,0.18898223650461357,-0.18898223650461357
news,6,0.4999999999999999,0.08855680204602355,2,2026-09-14,2026-09-28,0.18898223650461357,-0.18898223650461357
stylish casual,5,0.46428571428571425,0.030714729184636688,2,2026-09-21,2026-09-28,0.1895438491439364,-0.1895438491439364
actually,7,0.46428571428571425,0.039877388772914225,3,2026-09-07,2026-09-28,0.16414978848973422,-0.16414978848973422
times,5,0.46428571428571425,0.030714729184636688,2,2026-09-21,2026-09-28,0.1895438491439364,-0.1895438491439364
media,5,0.46428571428571425,0.030714729184636688,2,2026-09-21,2026-09-28,0.1895438491439364,-0.1895438491439364
great,5,0.46428571428571425,0.09931616811350437,2,2026-09-14,2026-09-28,0.1895438491439364,-0.1895438491439364
video,5,0.46428571428571425,0.09931616811350437,2,2026-09-14,2026-09-28,0.1895438491439364,-0.1895438491439364
knit sweater,4,0.42857142857142855,0.14381080871160395,1,2026-09-28,2026-09-28,0.19166296949998196,-0.19166296949998196
modern,4,0.42857142857142855,0.14381080871160395,1,2026-09-28,2026-09-28,0.19166296949998196,-0.19166296949998196
hoodies,5,0.42857142857142855,0.05797277355753995,2,2026-09-21,2026-09-28,0.1749635530559413,-0.1749635530559413
music,4,0.42857142857142855,0.14381080871160395,1,2026-09-28,2026-09-28,0.19166296949998196,-0.19166296949998196
came,4,0.42857142857142855,0.14381080871160395,1,2026-09-28,2026-09-28,0.19166296949998196,-0.19166296949998196
looking perfect,4,0.42857142857142855,0.14381080871160395,1,2026-09-28,2026-09-28,0.19166296949998196,-0.19166296949998196
women knit,4,0.42857142857142855,0.14381080871160395,1,2026-09-28,2026-09-28,0.19166296949998196,-0.19166296949998196
fyp,4,0.42857142857142855,0.14381080871160395,1,2026-09-28,2026-09-28,0.19166296949998196,-0.19166296949998196
viral youtubeshorts,4,0.42857142857142855,0.14381080871160395,1,2026-09-28,2026-09-28,0.19166296949998196,-0.19166296949998196
combination,4,0.42857142857142855,0.14381080871160395,1,2026-09-28,2026-09-28,0.19166296949998196,-0.19166296949998196
youtubeshorts,4,0.42857142857142855,0.14381080871160395,1,2026-09-28,2026-09-28,0.19166296949998196,-0.19166296949998196
pullover,4,0.42857142857142855,0.14381080871160395,1,2026-09-28,2026-09-28,0.19166296949998196,-0.19166296949998196
prime,8,0.42857142857142855,0.2821798590300508,2,2026-09-07,2026-09-28,0.14285714285714285,-0.14285714285714285
fashionstyle,4,0.42857142857142855,0.14381080871160395,1,2026-09-28,2026-09-28,0.19166296949998196,-0.19166296949998196
does,4,0.42857142857142855,0.14381080871160395,1,2026-09-28,2026-09-28,0.19166296949998196,-0.19166296949998196
bag,4,0.42857142857142855,0.14381080871160395,1,2026-09-28,2026-09-28,0.19166296949998196,-0.19166296949998196
leather,4,0.39285714285714285,0.05294332245986581,2,2026-09-21,2026-09-28,0.17569105537498347,-0.17569105537498347
deals,5,0.39285714285714285,0.1841133777986899,2,2026-09-21,2026-09-28,0.1603832569679462,-0.1603832569679462
ultimate,4,0.39285714285714285,0.05294332245986581,2,2026-09-21,2026-09-28,0.17569105537498347,-0.17569105537498347
deals aliexpress,5,0.39285714285714285,0.1841133777986899,2,2026-09-21,2026-09-28,0.1603832569679462,-0.1603832569679462
print,4,0.39285714285714285,0.05294332245986581,2,2026-09-21,2026-09-28,0.17569105537498347,-0.17569105537498347
aliexpress,5,0.39285714285714285,0.1841133777986899,2,2026-09-21,2026-09-28,0.1603832569679462,-0.1603832569679462
going,6,0.3571428571428571,0.2639799333653897,2,2026-08-31,2026-09-28,0.1349873117890097,-0.1349873117890097
keeping,6,0.3571428571428571,0.2639799333653897,2,2026-08-31,2026-09-28,0.1349873117890097,-0.1349873117890097
fashion trends know,8,0.3571428571428571,0.26397993336538994,3,2026-08-31,2026-09-28,0.11904761904761903,-0.11904761904761903
season vogue,8,0.3571428571428571,0.26397993336538994,3,2026-08-31,2026-09-28,0.11904761904761903,-0.11904761904761903
saw,6,0.35714285714285704,0.26397993336538994,2,2026-09-14,2026-09-28,0.1349873117890097,-0.1349873117890097
exclusive,10,0.35714285714285704,0.6606421552406505,1,2026-09-14,2026-09-14,0.10768262306348698,-0.10768262306348698
streetwear fashiontiktok,8,0.35714285714285704,0.4552814877841749,2,2026-09-14,2026-09-21,0.11904761904761901,-0.11904761904761901
fashion week fashionista,6,0.35714285714285704,0.26397993336538994,2,2026-09-14,2026-09-28,0.1349873117890097,-0.1349873117890097
fashionista,6,0.35714285714285704,0.26397993336538994,2,2026-09-14,2026-09-28,0.1349873117890097,-0.1349873117890097
rock,6,0.35714285714285704,0.26397993336538994,2,2026-09-14,2026-09-28,0.1349873117890097,-0.1349873117890097
comeback,6,0.35714285714285704,0.26397993336538994,2,2026-09-14,2026-09-21,0.1349873117890097,-0.1349873117890097
week fashionista,6,0.35714285714285704,0.26397993336538994,2,2026-09-14,2026-09-28,0.1349873117890097,-0.1349873117890097
instyle,6,0.35714285714285704,0.26397993336538994,2,2026-09-14,2026-09-28,0.1349873117890097,-0.1349873117890097
spring trends know,6,0.35714285714285704,0.26397993336538994,2,2026-09-14,2026-09-28,0.1349873117890097,-0.1349873117890097
marieclaire,6,0.35714285714285704,0.26397993336538994,2,2026-09-14,2026-09-28,0.1349873117890097,-0.1349873117890097
block design soft,3,0.3214285714285714,0.14381080871160395,1,2026-09-28,2026-09-28,0.1607142857142857,-0.1607142857142857
winter outfit cozy,3,0.3214285714285714,0.14381080871160395,1,2026-09-28,2026-09-28,0.1607142857142857,-0.1607142857142857
knit sweater features,3,0.3214285714285714,0.14381080871160395,1,2026-09-28,2026-09-28,0.1607142857142857,-0.1607142857142857
meets,3,0.3214285714285714,0.14381080871160395,1,2026-09-28,2026-09-28,0.1607142857142857,-0.1607142857142857
block design,3,0.3214285714285714,0.14381080871160395,1,2026-09-28,2026-09-28,0.1607142857142857,-0.1607142857142857
women knit sweater,3,0.3214285714285714,0.14381080871160395,1,2026-09-28,2026-09-28,0.1607142857142857,-0.1607142857142857
looking perfect fall,3,0.3214285714285714,0.14381080871160395,1,2026-09-28,2026-09-28,0.1607142857142857,-0.1607142857142857
outfit cozy women,3,0.3214285714285714,0.14381080871160395,1,2026-09-28,2026-09-28,0.1607142857142857,-0.1607142857142857
outfit cozy,3,0.3214285714285714,0.14381080871160395,1,2026-09-28,2026-09-28,0.1607142857142857,-0.1607142857142857
oversized,4,0.3214285714285714,0.14381080871160395,2,2026-09-21,2026-09-28,0.14374722712498647,-0.14374722712498647
met,3,0.3214285714285714,0.14381080871160395,1,2026-09-28,2026-09-28,0.1607142857142857,-0.1607142857142857
color block design,3,0.3214285714285714,0.14381080871160395,1,2026-09-28,2026-09-28,0.1607142857142857,-0.1607142857142857
clothing,5,0.3214285714285714,0.19700189094421167,2,2026-09-07,2026-09-28,0.13122266479195596,-0.13122266479195596
discover latest,3,0.3214285714285714,0.14381080871160395,1,2026-09-28,2026-09-28,0.1607142857142857,-0.1607142857142857
winter fashion,3,0.3214285714285714,0.14381080871160395,1,2026-09-28,2026-09-28,0.1607142857142857,-0.1607142857142857
design soft fabric,3,0.3214285714285714,0.14381080871160395,1,2026-09-28,2026-09-28,0.1607142857142857,-0.1607142857142857
sweater features stylish,3,0.3214285714285714,0.14381080871160395,1,2026-09-28,2026-09-28,0.1607142857142857,-0.1607142857142857
vogue key,4,0.3214285714285714,0.14381080871160395,2,2026-09-07,2026-09-28,0.14374722712498647,-0.14374722712498647
dressing,7,0.3214285714285714,0.37276902300653475,2,2026-09-07,2026-09-28,0.11364216126212369,-0.11364216126212369
spring streetwear,3,0.3214285714285714,0.14381080871160395,1,2026-09-28,2026-09-28,0.1607142857142857,-0.1607142857142857
soft,3,0.3214285714285714,0.14381080871160395,1,2026-09-28,2026-09-28,0.1607142857142857,-0.1607142857142857
fabric,3,0.3214285714285714,0.14381080871160395,1,2026-09-28,2026-09-28,0.1607142857142857,-0.1607142857142857
cozy women,3,0.3214285714285714,0.14381080871160395,1,2026-09-28,2026-09-28,0.1607142857142857,-0.1607142857142857
cozy women knit,3,0.3214285714285714,0.14381080871160395,1,2026-09-28,2026-09-28,0.1607142857142857,-0.1607142857142857
description,3,0.3214285714285714,0.14381080871160395,1,2026-09-28,2026-09-28,0.1607142857142857,-0.1607142857142857
design soft,3,0.3214285714285714,0.14381080871160395,1,2026-09-28,2026-09-28,0.1607142857142857,-0.1607142857142857
vogue key fall,3,0.3214285714285714,0.14381080871160395,1,2026-09-28,2026-09-28,0.1607142857142857,-0.1607142857142857
stylish color,3,0.3214285714285714,0.14381080871160395,1,2026-09-28,2026-09-28,0.1607142857142857,-0.1607142857142857
stylish color block,3,0.3214285714285714,0.14381080871160395,1,2026-09-28,2026-09-28,0.1607142857142857,-0.1607142857142857
features stylish color,3,0.3214285714285714,0.14381080871160395,1,2026-09-28,2026-09-28,0.1607142857142857,-0.1607142857142857
soft fabric,3,0.3214285714285714,0.14381080871160395,1,2026-09-28,2026-09-28,0.1607142857142857,-0.1607142857142857
sweater features,3,0.3214285714285714,0.14381080871160395,1,2026-09-28,2026-09-28,0.1607142857142857,-0.1607142857142857
features,3,0.3214285714285714,0.14381080871160395,1,2026-09-28,2026-09-28,0.1607142857142857,-0.1607142857142857
red,5,0.3214285714285714,0.19700189094421167,2,2026-09-07,2026-09-28,0.13122266479195596,-0.13122266479195596
featuring,3,0.3214285714285714,0.14381080871160395,1,2026-09-28,2026-09-28,0.1607142857142857,-0.1607142857142857
features stylish,3,0.3214285714285714,0.14381080871160395,1,2026-09-28,2026-09-28,0.1607142857142857,-0.1607142857142857
social media,3,0.3214285714285714,0.14381080871160395,1,2026-09-28,2026-09-28,0.1607142857142857,-0.1607142857142857
social,3,0.3214285714285714,0.14381080871160395,1,2026-09-28,2026-09-28,0.1607142857142857,-0.1607142857142857
printed,4,0.28571428571428575,0.3632174676491226,1,2026-09-21,2026-09-21,0.12777531299998798,-0.12777531299998798
winter trends,8,0.2857142857142857,0.38414219638485414,3,2026-08-24,2026-09-28,0.09523809523809523,-0.09523809523809523
autumn winter trends,8,0.2857142857142857,0.38414219638485414,3,2026-08-24,2026-09-28,0.09523809523809523,-0.09523809523809523
wearable,6,0.28571428571428564,0.17468781426411942,3,2026-09-07,2026-09-28,0.10798984943120775,-0.10798984943120775
fashion streetwear fashiontiktok,6,0.28571428571428564,0.3841421963848545,2,2026-09-14,2026-09-21,0.10798984943120775,-0.10798984943120775
fashiontiktok humor,6,0.28571428571428564,0.3841421963848545,2,2026-09-14,2026-09-21,0.10798984943120775,-0.10798984943120775
exclusive people,8,0.28571428571428564,0.6606421552406505,1,2026-09-14,2026-09-14,0.09523809523809522,-0.09523809523809522
trends new,8,0.28571428571428564,0.6606421552406505,1,2026-09-14,2026-09-14,0.09523809523809522,-0.09523809523809522
trends new york,8,0.28571428571428564,0.6606421552406505,1,2026-09-14,2026-09-14,0.09523809523809522,-0.09523809523809522
streetwear fashiontiktok humor,6,0.28571428571428564,0.3841421963848545,2,2026-09-14,2026-09-21,0.10798984943120775,-0.10798984943120775
age,3,0.25,0.0885568020460234,2,2026-09-21,2026-09-28,0.125,-0.125
think,5,0.24999999999999994,0.4262914506386185,2,2026-09-14,2026-09-28,0.10206207261596574,-0.10206207261596574
iconic,5,0.24999999999999994,0.4262914506386185,2,2026-09-14,2026-09-28,0.10206207261596574,-0.10206207261596574
wears fashion,6,0.21428571428571427,0.6606421552406505,1,2026-09-14,2026-09-14,0.08099238707340582,-0.08099238707340582
wears fashion trend,6,0.21428571428571427,0.6606421552406505,1,2026-09-14,2026-09-14,0.08099238707340582,-0.08099238707340582
years exclusive,6,0.21428571428571427,0.6606421552406505,1,2026-09-14,2026-09-14,0.08099238707340582,-0.08099238707340582
pants,6,0.21428571428571427,0.33182682121419566,3,2026-08-24,2026-09-28,0.08099238707340582,-0.08099238707340582
look rarely wears,6,0.21428571428571427,0.6606421552406505,1,2026-09-14,2026-09-14,0.08099238707340582,-0.08099238707340582
look rarely,6,0.21428571428571427,0.6606421552406505,1,2026-09-14,2026-09-14,0.08099238707340582,-0.08099238707340582
make,6,0.21428571428571427,0.5219197950081091,2,2026-09-07,2026-09-28,0.08099238707340582,-0.08099238707340582
trend stood years,6,0.21428571428571427,0.6606421552406505,1,2026-09-14,2026-09-14,0.08099238707340582,-0.08099238707340582
rarely wears,6,0.21428571428571427,0.6606421552406505,1,2026-09-14,2026-09-14,0.08099238707340582,-0.08099238707340582
reveals look rarely,6,0.21428571428571427,0.6606421552406505,1,2026-09-14,2026-09-14,0.08099238707340582,-0.08099238707340582
rarely wears fashion,6,0.21428571428571427,0.6606421552406505,1,2026-09-14,2026-09-14,0.08099238707340582,-0.08099238707340582
reveals look,6,0.21428571428571427,0.6606421552406505,1,2026-09-14,2026-09-14,0.08099238707340582,-0.08099238707340582
rarely,6,0.21428571428571427,0.6606421552406505,1,2026-09-14,2026-09-14,0.08099238707340582,-0.08099238707340582
editor,6,0.21428571428571427,0.5219197950081091,2,2026-09-07,2026-09-28,0.08099238707340582,-0.08099238707340582
child,6,0.21428571428571427,0.5219197950081091,2,2026-09-07,2026-09-28,0.08099238707340582,-0.08099238707340582
wears,6,0.21428571428571427,0.6606421552406505,1,2026-09-14,2026-09-14,0.08099238707340582,-0.08099238707340582
stood,6,0.21428571428571427,0.6606421552406505,1,2026-09-14,2026-09-14,0.08099238707340582,-0.08099238707340582
fashion trend stood,6,0.21428571428571427,0.6606421552406505,1,2026-09-14,2026-09-14,0.08099238707340582,-0.08099238707340582
stood years,6,0.21428571428571427,0.6606421552406505,1,2026-09-14,2026-09-14,0.08099238707340582,-0.08099238707340582
stood years exclusive,6,0.21428571428571427,0.6606421552406505,1,2026-09-14,2026-09-14,0.08099238707340582,-0.08099238707340582
style trends,6,0.21428571428571427,0.5219197950081091,2,2026-09-07,2026-09-28,0.08099238707340582,-0.08099238707340582
trend stood,6,0.21428571428571427,0.6606421552406505,1,2026-09-14,2026-09-14,0.08099238707340582,-0.08099238707340582
fashion editor,6,0.21428571428571427,0.5219197950081091,2,2026-09-07,2026-09-28,0.08099238707340582,-0.08099238707340582
surprisingly,6,0.21428571428571427,0.6606421552406505,1,2026-09-14,2026-09-14,0.08099238707340582,-0.08099238707340582
twiggy reveals look,6,0.21428571428571427,0.6606421552406505,1,2026-09-14,2026-09-14,0.08099238707340582,-0.08099238707340582
twiggy,6,0.21428571428571427,0.6606421552406505,1,2026-09-14,2026-09-14,0.08099238707340582,-0.08099238707340582
twiggy reveals,6,0.21428571428571427,0.6606421552406505,1,2026-09-14,2026-09-14,0.08099238707340582,-0.08099238707340582
inspo,3,0.21428571428571425,0.011724811003954652,3,2026-09-14,2026-09-28,0.10714285714285712,-0.10714285714285712
colour,5,0.17857142857142855,0.5019636839811592,2,2026-08-24,2026-09-28,0.07290148043997553,-0.07290148043997553
marieclaire saw,3,0.17857142857142852,0.26397993336538994,2,2026-09-14,2026-09-28,0.08928571428571426,-0.08928571428571426
fashionista spring trends,3,0.17857142857142852,0.26397993336538994,2,2026-09-14,2026-09-28,0.08928571428571426,-0.08928571428571426
fashionista spring,3,0.17857142857142852,0.26397993336538994,2,2026-09-14,2026-09-28,0.08928571428571426,-0.08928571428571426
week fashionista spring,3,0.17857142857142852,0.26397993336538994,2,2026-09-14,2026-09-28,0.08928571428571426,-0.08928571428571426
glamour,6,0.14285714285714285,0.6734284355375537,2,2026-09-07,2026-09-21,0.05399492471560388,-0.05399492471560388
playful,8,0.14285714285714282,0.7349201962234642,2,2026-09-07,2026-09-14,0.04761904761904761,-0.04761904761904761
easy,8,0.07142857142857142,0.8343306281546261,3,2026-08-24,2026-09-28,0.023809523809523808,-0.023809523809523808
canada,7,0.03571428571428571,0.914364914946002,3,2026-08-31,2026-09-28,0.012626906806902633,-0.012626906806902633
cosmopolitan fall,3,-1.982541115402065e-18,1.0,1,2026-09-07,2026-09-07,-9.912705577010326e-19,9.912705577010326e-19
editors expect fall,3,-1.982541115402065e-18,1.0,1,2026-09-07,2026-09-07,-9.912705577010326e-19,9.912705577010326e-19
expect fall,3,-1.982541115402065e-18,1.0,1,2026-09-07,2026-09-07,-9.912705577010326e-19,9.912705577010326e-19
expect fall fashion,3,-1.982541115402065e-18,1.0,1,2026-09-07,2026-09-07,-9.912705577010326e-19,9.912705577010326e-19
divisive,6,-3.96508223080413e-18,1.0,2,2026-08-31,2026-09-21,-1.498660215804134e-18,1.498660215804134e-18
simple,6,-3.96508223080413e-18,1.0,1,2026-09-07,2026-09-07,-1.498660215804134e-18,1.498660215804134e-18
fashion trends editors,6,-3.96508223080413e-18,1.0,1,2026-09-07,2026-09-07,-1.498660215804134e-18,1.498660215804134e-18
editors expect,6,-3.96508223080413e-18,1.0,1,2026-09-07,2026-09-07,-1.498660215804134e-18,1.498660215804134e-18
divisive fashion trend,6,-3.96508223080413e-18,1.0,2,2026-08-31,2026-09-21,-1.498660215804134e-18,1.498660215804134e-18
editors,6,-3.96508223080413e-18,1.0,1,2026-09-07,2026-09-07,-1.498660215804134e-18,1.498660215804134e-18
divisive fashion,6,-3.96508223080413e-18,1.0,2,2026-08-31,2026-09-21,-1.498660215804134e-18,1.498660215804134e-18
cosmopolitan,6,-3.96508223080413e-18,1.0,1,2026-09-07,2026-09-07,-1.498660215804134e-18,1.498660215804134e-18
expect,6,-3.96508223080413e-18,1.0,1,2026-09-07,2026-09-07,-1.498660215804134e-18,1.498660215804134e-18
trends editors,6,-3.96508223080413e-18,1.0,1,2026-09-07,2026-09-07,-1.498660215804134e-18,1.498660215804134e-18
trends editors expect,6,-3.96508223080413e-18,1.0,1,2026-09-07,2026-09-07,-1.498660215804134e-18,1.498660215804134e-18
festival,5,-0.03571428571428571,0.9125666215515942,2,2026-08-31,2026-09-28,-0.014580296087995109,0.014580296087995109
lifestyle,9,-0.03571428571428572,0.9307513585450315,3,2026-08-31,2026-09-28,-0.011293848786315641,0.011293848786315641
vogue fall,3,-0.14285714285714282,0.17468781426411942,3,2026-08-17,2026-09-07,-0.07142857142857141,0.07142857142857141
fall trends,8,-0.14285714285714285,0.7711118563588939,2,2026-08-24,2026-09-07,-0.047619047619047616,0.047619047619047616
