source,domain,url,created_utc,title,text
rss,www.nytimes.com,https://www.nytimes.com/2026/09/03/style/black-cookout-joy-tradition.html,1788408025,Keeping the Cookout Going,"Keeping the Cookout Going

Black barbecues have long offered a joyful, safe space for attendees. A new generation is determined to keep the fires burning."
rss,www.nytimes.com,https://www.nytimes.com/2026/10/04/style/paris-fashion-week-michael-rider.html,1791130092,Trust the Thing That Moves You,"Trust the Thing That Moves You

Michael Rider is the anointed designer. How do you know you’re not just falling for the hype?"
rss,www.nytimes.com,https://www.nytimes.com/2026/10/04/style/celine-michael-rider-paris-fashion-week.html,1791099688,"Paris Review: Celine, Dries Van Noten, Comme des Garçons","Paris Review: Celine, Dries Van Noten, Comme des Garçons

A triumph at Celine, movie stars at Dries Van Noten and … Comme des Garçons jeans? Believe it."
rss,www.nytimes.com,https://www.nytimes.com/2026/10/03/style/anand-giridharadas-man-in-the-mirror.html,1791018068,"Anand Giridharadas on “Man in the Mirror,” and a Tragic Day on the Subway","Anand Giridharadas on “Man in the Mirror,” and a Tragic Day on the Subway

Anand Giridharadas has written about the global elite and political persuasion. His new book explores a tragic day on the subway."
rss,www.nytimes.com,https://www.nytimes.com/2026/10/03/style/em-j-staples-tiktok-matchmaker-pen-pals.html,1791031523,The Very Online Push for Pen Pals,"The Very Online Push for Pen Pals

Pen pals — ones you’ve never met in person — are part of the revival of all things analog. There are even matchmakers prepared to find you one."
rss,www.nytimes.com,https://www.nytimes.com/2026/10/03/style/will-coley-listenwithus-wedding-podcast.html,1791018038,ListenWithUs Helps Couples Turn Their Weddings Into Podcasts,"ListenWithUs Helps Couples Turn Their Weddings Into Podcasts

Will Coley will spend hours chronicling a couple’s relationship, both as a “promo of sorts” to their wedding, and as an artifact of their connection."
rss,www.nytimes.com,https://www.nytimes.com/2026/10/03/style/dior-margiela-givenchy-pfw.html,1791103696,"Paris Reviews: Dior, Maison Margiela, Givenchy","Paris Reviews: Dior, Maison Margiela, Givenchy

Playing with perception at Dior, Maison Margiela and Givenchy (among others)."
rss,www.nytimes.com,https://www.nytimes.com/video/style/100000011131904/tom-ford-is-naked-that-sexy.html,1791147517,Tom Ford: Is Naked That Sexy?,"Tom Ford: Is Naked That Sexy?

The naked dressing trend was top of mind for The Times’s chief fashion critic, Vanessa Friedman, at a recent Tom Ford runway presentation in Paris. It was the suggestion of nudity that left her wanting more."
rss,www.nytimes.com,https://www.nytimes.com/2026/10/02/style/paris-fashion-week-belts.html,1791129256,Why Belts Are the ‘It’ Accessory,"Why Belts Are the ‘It’ Accessory

A bit of fashion that serves more than one need."
rss,www.nytimes.com,https://www.nytimes.com/2026/10/02/style/new-york-city-ballet-fall-fashion-gala.html,1790946038,"At New York City Ballet’s Fall Gala, Sarah Jessica Parker and Steve Nicks Bring the Fairy Dust","At New York City Ballet’s Fall Gala, Sarah Jessica Parker and Steve Nicks Bring the Fairy Dust

There were cascading ribbons, a flower crown and a “Landslide”-inspired performance at the New York City Ballet’s annual fall fashion gala."
rss,www.nytimes.com,https://www.nytimes.com/2026/10/02/style/chloe-balenciaga-pfw.html,1790929282,Paris Review: Chloé and Balenciaga,"Paris Review: Chloé and Balenciaga

Big questions hang over both brands."
rss,www.nytimes.com,https://www.nytimes.com/2026/10/02/style/tom-ford-haider-ackermann-naked-dressing.html,1790977798,Review: Tom Ford and the Problem of ‘Sexy’,"Review: Tom Ford and the Problem of ‘Sexy’

In an age of naked dressing, what does titillation look like?"
rss,www.nytimes.com,https://www.nytimes.com/2026/10/02/style/modern-love-i-wanted-to-be-a-good-mormon-but-i-was-gay.html,1790913641,Nothing Could Purify Me After What I’d Done,"Nothing Could Purify Me After What I’d Done

Not showering, not praying, not even drinking bleach."
rss,www.nytimes.com,https://www.nytimes.com/2026/10/02/style/skyla-welsch-andrew-shaternik-wedding.html,1790961191,"As the Nor’easter Moved In, Their Wedding Plans Changed Course","As the Nor’easter Moved In, Their Wedding Plans Changed Course

“People who weren’t even invited to the wedding ended up helping us,” said Skyla Welsch, who married Andrew Shaternik in Montauk, N.Y."
rss,www.nytimes.com,https://www.nytimes.com/2026/10/02/style/isabel-klee-jacob-zerhusen-wedding.html,1790913633,Her Famous Dog Helped Them Meet. They Went on to Foster 31 More.,"Her Famous Dog Helped Them Meet. They Went on to Foster 31 More.

Isabel Klee and Jacob Zerhusen built a life together around their love of dogs, including Simon, whose memory was woven into their wedding."
rss,www.nytimes.com,https://www.nytimes.com/2026/10/02/style/jacqueline-heath-matthew-swain-wedding.html,1790913627,A Very Specific Martini Order Leads to Something More,"A Very Specific Martini Order Leads to Something More

Jacqueline Heath wowed Matthew Swain with her ambition and smarts. After meeting through work, business soon turned to pleasure."
rss,www.nytimes.com,https://www.nytimes.com/2026/10/02/style/tom-dolby-spencer-alcorn-wedding.html,1790954199,Tom Dolby and Spencer Alcorn Marry at Lake Tahoe,"Tom Dolby and Spencer Alcorn Marry at Lake Tahoe

Tom Dolby, whose father created the sound system, and Spencer Alcorn, a seventh-generation Californian, lead a cinematically stylish life."
rss,www.nytimes.com,https://www.nytimes.com/2026/10/02/style/katie-dolan-devon-flynnperrault-wedding.html,1790913619,She Dressed for a Funeral. It Was Actually Her Engagement.,"She Dressed for a Funeral. It Was Actually Her Engagement.

On Halloween night, Katie Dolan ventured to a karaoke bar alone. She left with the phone number of her future husband, Devon Flynnperrault."
rss,www.nytimes.com,https://www.nytimes.com/2026/10/02/style/francesca-carington-sean-maloney-wedding.html,1790913611,A Return to England and the Church Where She Wanted to Marry,"A Return to England and the Church Where She Wanted to Marry

Francesca Carington knew she would eventually move back to London. Then she met Sean Maloney, and he came along, too."
rss,www.nytimes.com,https://www.nytimes.com/2026/10/01/style/halloween-costume-ideas.html,1790899211,Halloween Costume Ideas That Scream 2026,"Halloween Costume Ideas That Scream 2026

Options for couples, groups and anyone who has always wanted a reason to dress like a famous sheep."
rss,www.nytimes.com,https://www.nytimes.com/video/style/100000011131872/matieres-fecales-thrilling-but-derivative.html,1790936534,Matières Fécales: Thrilling but Derivative,"Matières Fécales: Thrilling but Derivative

Vanessa Friedman, our chief fashion critic, reviews the Matières Fécales show at Paris Fashion Week. The show made a statement, but did the fashion?"
rss,www.nytimes.com,https://www.nytimes.com/2026/10/01/style/gustavo-dudamel-new-york-philharmonic.html,1790865623,"Steven Spielberg, Alec Baldwin and Gov. Kathy Hochul Turn Out for Dudamel","Steven Spielberg, Alec Baldwin and Gov. Kathy Hochul Turn Out for Dudamel

“I’m so happy here. Honestly,” Gustavo Dudamel, the superstar conductor, said at the New York Philharmonic’s season-opening gala on Wednesday."
rss,www.nytimes.com,https://www.nytimes.com/2026/10/01/style/modern-love-we-want-your-best-breakup-lines.html,1790845609,We Want Your Best Breakup Lines,"We Want Your Best Breakup Lines

For a special Modern Love project, we’re looking for your most unforgettable lines from a breakup — kind, bizarre, profound, haunting or funny — either delivered or received."
rss,www.nytimes.com,https://www.nytimes.com/2026/10/01/style/halo-stone-kite-ai-apocalypse.html,1790948319,"From Jason Jones, the ‘Halo’ Mastermind, an A.I. Apocalypse and a New Company","From Jason Jones, the ‘Halo’ Mastermind, an A.I. Apocalypse and a New Company

Jason Jones, the reclusive designer behind “Halo” and “Destiny,” wrote a novel about killer robots. Now the story is the basis for an ambitious new entertainment venture."
rss,www.nytimes.com,https://www.nytimes.com/2026/10/01/style/autumn-sonata-showroom-lili-elias.html,1790845278,"Autumn Sonata, a Linen Brand That Asks: Can a Bathmat Be Chic?","Autumn Sonata, a Linen Brand That Asks: Can a Bathmat Be Chic?

However pretty the print, you can’t use an antique tapestry to dry off. The bathroom linen brand Autumn Sonata has figured this out."
rss,www.nytimes.com,https://www.nytimes.com/2026/10/01/style/wicker-hollywood-horror-halloween-monsters.html,1790882330,"From ‘Wicker’ to ‘Frankenstein,’ Why Hollywood Can’t Get Enough of Hot Monsters","From ‘Wicker’ to ‘Frankenstein,’ Why Hollywood Can’t Get Enough of Hot Monsters

For actors like Alexander Skarsgard, Jacob Elordi and Demi Moore, hiding movie-star good looks beneath prosthetics and creature makeup may be the ultimate flex."
rss,www.nytimes.com,https://www.nytimes.com/2026/10/01/style/sensuality-and-skin-the-milan-way.html,1790871829,Sensuality and Skin at Milan Fashion Week,"Sensuality and Skin at Milan Fashion Week

Unbuttoned shirts rippled in the breeze and bare chests soaked in the sun at a louche fashion week."
rss,www.nytimes.com,https://www.nytimes.com/2026/10/01/style/john-galliano-zara.html,1790880758,Review: John Galliano’s New Collection for Zara,"Review: John Galliano’s New Collection for Zara

Assessing the designer’s new collection for Zara, unveiled in the shadow of the Met debacle."
rss,www.nytimes.com,https://www.nytimes.com/2026/09/30/style/paris-fashion-week-provocative.html,1790794196,Is Anything Provocative Anymore?,"Is Anything Provocative Anymore?

Searching for the subversive, surprising and even shocking in fashion."
rss,www.nytimes.com,https://www.nytimes.com/2026/09/30/style/tiny-modern-love-stories-close-your-eyes.html,1790790018,Tiny Love Stories: ‘Close Your Eyes’,"Tiny Love Stories: ‘Close Your Eyes’

Modern Love in miniature, featuring reader-submitted stories of no more than 100 words."
rss,www.nytimes.com,https://www.nytimes.com/2026/09/30/style/planning-schedule-coordination-inconsideration.html,1790773203,My Sister-in-Law Schedules Events Without Clearing the Dates With Us. Help!,"My Sister-in-Law Schedules Events Without Clearing the Dates With Us. Help!

A reader sees her husband’s sister’s go-it-alone approach to planning parties as a “power move,” leaving her fuming and scrambling to change plans."
rss,www.nytimes.com,https://www.nytimes.com/2026/09/30/style/ivy-wolk-broadway-debut.html,1790874640,Ivy Wolk Is Everywhere. That Bugs Some People.,"Ivy Wolk Is Everywhere. That Bugs Some People.

Ivy Wolk can be kind of a lot. If you lived her life, you might be too."
rss,www.nytimes.com,https://www.nytimes.com/2026/09/30/style/breakroom-chronicles-lipsync-lunchladies-instagram.html,1790887061,"On Breakroom Chronicles, Safeway Workers Serve Nostalgia During Their Lunch Break","On Breakroom Chronicles, Safeway Workers Serve Nostalgia During Their Lunch Break

The viral social media account Breakroom Chronicles, created by two Safeway employees who lip-sync ’80s and ’90s pop favorites, is bringing campy joy to millions."
rss,www.nytimes.com,https://www.nytimes.com/2026/09/30/style/saint-laurent-anthony-vaccarello-final-show.html,1790753386,Review: Anthony Vaccarello’s Maybe Last Saint Laurent Show,"Review: Anthony Vaccarello’s Maybe Last Saint Laurent Show

Anthony Vaccarello’s likely last show was a golden summation of his tenure."
rss,www.nytimes.com,https://www.nytimes.com/2026/09/29/style/fat-bear-week-winner.html,1790784138,Alaska’s Fat Bear Week Winner Is 89 Backpack,"Alaska’s Fat Bear Week Winner Is 89 Backpack

Alaska’s Fat Bear Week finds its newest champion in a bear that overcame an injury in 2007 that nearly killed him."
rss,www.nytimes.com,https://www.nytimes.com/2026/09/29/style/street-style-look-1970s-vintage-jackson-5.html,1790686802,Street Style Look of the Week: Channeling Michael,"Street Style Look of the Week: Channeling Michael

Three friends turned out for a Brooklyn block party in celebration of what would have been Michael Jackson’s 68th birthday wearing their Jackson 5 finest."
rss,www.nytimes.com,https://www.nytimes.com/2026/09/29/style/irving-penn-photography-american-vogue.html,1790672496,"Irving Penn, Before and After","Irving Penn, Before and After

“Penn & Fashion” traces Irving Penn’s fashion and beauty photography over more than six decades."
rss,www.nytimes.com,https://www.nytimes.com/2026/09/29/style/larp-slang-meaning-tiktok.html,1790710766,"How LARPing, a Gaming Term, Became a Word for Posers","How LARPing, a Gaming Term, Became a Word for Posers

Live-action role playing was associated with games like Dungeons & Dragons. Now, it’s a way to call someone out for being inauthentic."
rss,www.nytimes.com,https://www.nytimes.com/2026/09/29/style/hypnotherapy-hypnosis-jim-curtis.html,1790959347,Why Are We Becoming So Entranced by Hypnotherapy?,"Why Are We Becoming So Entranced by Hypnotherapy?

Once considered a fringe practice, hypnotherapy is entering the mainstream, being offered at spas and even administered to treat depression and addiction. Why are we so entranced by it?"
rss,www.nytimes.com,https://www.nytimes.com/2026/09/29/style/matieres-fecales-ninety-nine-percent-show-pfw.html,1790665761,Review: Matières Fécales’ Parisian Fashion Dream,"Review: Matières Fécales’ Parisian Fashion Dream

Pregnant women, bodybuilders, punks, family — a heartfelt Matières Fécales show jolts Paris Fashion Week. But what about the clothes?"
rss,www.nytimes.com,https://www.nytimes.com/2026/09/28/style/paris-fashon-week-bottega-veneta.html,1790609930,The One Outfit We Agreed on This Weekend,"The One Outfit We Agreed on This Weekend

At Bottega Veneta, a single look was a lesson in what didn’t work about the others."
rss,www.nytimes.com,https://www.nytimes.com/2026/09/28/style/fantasy-football-punishments.html,1790586138,New Fantasy Football Punishments Include Meat Marathons and Tattoos,"New Fantasy Football Punishments Include Meat Marathons and Tattoos

In a time of social-media stunts, leagues are coming up with creative penalties for last-place finishers."
rss,www.nytimes.com,https://www.nytimes.com/2026/09/27/style/vmas-bra-tops-fashion-week-prada.html,1790869206,Bras Pretended to Be Tops at the V.M.A.s and on Fashion Week Runways,"Bras Pretended to Be Tops at the V.M.A.s and on Fashion Week Runways

At the MTV Video Music Awards and in new fashion week collections, bras as tops have taken over."
rss,www.nytimes.com,https://www.nytimes.com/2026/09/27/style/mtv-vmas-best-dressed.html,1790628544,The 10 Best Looks at the MTV Video Music Awards,"The 10 Best Looks at the MTV Video Music Awards

With leather, lace and lots of skin, it was an over-the-top night on the red carpet."
